id,transcript_text,bill_name,bill_stance,bill_reason,issue_name,issue_stance,issue_reason,district,state,zip_code,latitude,longitude,call_timestamp,stance
1,Hi I'm a constituent of Congressman Josh Harder. I just wanted to share concerns about economic conditions in our community. Thank you.,,,,,,,CA-09,CA,95210,38.108866,-121.340554,2026-03-04T23:01:40.416102,neutral
2,Hi I'm a constituent of Congressman Josh Harder. I'm calling about the Respect for Marriage Act (H.R.8404). I oppose it. I also want to mention concerns about immigration enforcement and ICE policy. Thank you.,Respect for Marriage Act,,,ICE,,,CA-09,CA,95336,38.060964,-121.288305,2026-03-02T22:07:40.416132,oppose
3,"Hi I'm a constituent of Congressman Josh Harder. I'm calling about the Impeachment Resolution (H.Res.353). I support this bill because I think it goes too far. Thank you, have a good day.",,,,,,,CA-09,CA,95330,38.115638,-121.377051,2026-03-03T19:07:40.416138,support
4,Hi I'm a constituent of Congressman Josh Harder. I'm calling about the Impeachment Resolution (H.Res.353). I support it. I also want to mention concerns about water shortages affecting agriculture. Thank you.,,,,,,,CA-09,CA,95376,37.982841,-121.197416,2026-03-01T21:12:40.416143,support
5,"Hi I'm a constituent of Congressman Josh Harder. I'm calling about the Consolidated Appropriations Act 2026 (H.R.7148). I support this bill because I think it goes too far. Thank you, have a good day.",Consolidated Appropriations Act,,,,,,CA-09,CA,95376,37.920012,-121.433003,2026-03-04T01:20:40.416147,support
6,Hi I'm a constituent of Congressman Josh Harder. I hope Congress addresses water shortages affecting agriculture. I hope the Congressman takes this issue seriously. Thank you.,,,,,,,CA-09,CA,95376,37.817267,-121.403867,2026-03-01T13:22:40.416151,neutral
7,Hi I'm a constituent of Congressman Josh Harder. I'm calling because families in our district are struggling with the cost of living. Thank you.,,,,cost of living,,,CA-09,CA,95207,37.981205,-121.32418,2026-03-05T04:04:40.416155,neutral
8,Hi I'm a constituent of Congressman Josh Harder. I'm calling about the SAVE Act (H.R.22). I support it. I also want to mention concerns about healthcare affordability. Thank you.,SAVE Act,,,,,,CA-09,CA,95207,37.813009,-121.297784,2026-03-03T11:12:40.416158,support
9,Hi I'm a constituent of Congressman Josh Harder. I wanted to express concerns about national policy decisions affecting our district. Thank you.,,,,,,,CA-09,CA,95330,38.033,-121.232818,2026-03-04T15:30:40.416161,neutral
10,Hi I'm a constituent of Congressman Josh Harder. I'm calling about the Treat and Reduce Obesity Act (H.R.4818). I oppose it. I also want to mention concerns about the humanitarian situation in Gaza. Thank you.,Treat and Reduce Obesity Act,,,Gaza,,,CA-09,CA,95207,37.946618,-121.128953,2026-03-03T19:49:40.416163,oppose
11,"Hi I'm a constituent of Congressman Josh Harder. I'm calling about the Consolidated Appropriations Act 2026 (H.R.7148). I support this bill because it would help families in our district. Thank you, have a good day.",Consolidated Appropriations Act,,,,,,CA-09,CA,95207,37.911619,-121.224576,2026-03-06T15:35:40.416166,support
12,Hi I'm a constituent of Congressman Josh Harder. I hope Congress focuses on helping working families. Thank you.,,,,,,,CA-09,CA,95219,38.063464,-121.374961,2026-03-06T05:02:40.416169,neutral
13,Hi I'm a constituent of Congressman Josh Harder. I'm calling about the Epstein Files Transparency Act (H.R.4405). I support it. I also want to mention concerns about water shortages affecting agriculture. Thank you.,Epstein Files Transparency Act,,,,,,CA-09,CA,95207,37.936943,-121.304165,2026-03-05T02:28:40.416172,support
14,Hi I'm a constituent of Congressman Josh Harder. I'm really concerned about immigration enforcement and ICE policy. I hope the Congressman takes this issue seriously. Thank you.,,,,ICE,,,CA-09,CA,95219,38.178541,-121.361248,2026-03-05T12:18:40.416175,neutral
15,Hi I'm a constituent of Congressman Josh Harder. I'm calling because families in our district are struggling with the cost of living. Thank you.,,,,cost of living,,,CA-09,CA,95330,38.108981,-121.253429,2026-03-02T00:55:40.416178,neutral
16,Hi I'm a constituent of Congressman Josh Harder. I hope Congress addresses housing affordability in the Central Valley. I hope the Congressman takes this issue seriously. Thank you.,,,,housing,,,CA-09,CA,95210,38.156908,-121.462494,2026-03-05T19:11:40.416180,neutral
17,Hi I'm a constituent of Congressman Josh Harder. I'm calling about the SAVE Act (H.R.22). I oppose it. I also want to mention concerns about immigration enforcement and ICE policy. Thank you.,SAVE Act,,,ICE,,,CA-09,CA,95336,37.957921,-121.322415,2026-03-03T07:12:40.416183,oppose
18,Hi I'm a constituent of Congressman Josh Harder. I'm calling because families in our district are struggling with the cost of living. Thank you.,,,,cost of living,,,CA-09,CA,95376,37.896556,-121.460805,2026-03-04T17:40:40.416186,neutral
19,"Hi I'm a constituent of Congressman Josh Harder. I'm calling about the Reconciliation Act (H.R.1). I oppose this bill because it would help working people. Thank you, have a good day.",,,,,,,CA-09,CA,95210,38.08031,-121.352672,2026-03-02T12:16:40.416189,oppose
20,"Hi I'm a constituent of Congressman Josh Harder. I'm calling about the Epstein Files Transparency Act (H.R.4405). I support this bill because it would help families in our district. Thank you, have a good day.",Epstein Files Transparency Act,,,,,,CA-09,CA,95210,38.163765,-121.492872,2026-03-02T06:02:40.416192,support
21,Hi I'm a constituent of Congressman Josh Harder. I'm calling because families in our district are struggling with the cost of living. Thank you.,,,,cost of living,,,CA-09,CA,95330,37.88132,-121.367793,2026-03-04T14:32:40.416194,neutral
22,Hi I'm a constituent of Congressman Josh Harder. I strongly support action on rising cost of living. I hope the Congressman takes this issue seriously. Thank you.,,,,cost of living,,,CA-09,CA,95330,38.047904,-121.331678,2026-03-05T02:09:40.416197,support
23,Hi I'm a constituent of Congressman Josh Harder. I'm worried about rising cost of living. I hope the Congressman takes this issue seriously. Thank you.,,,,cost of living,,,CA-09,CA,95330,37.818671,-121.266532,2026-03-03T14:17:40.416200,neutral
24,Hi I'm a constituent of Congressman Josh Harder. I'm calling because families in our district are struggling with the cost of living. Thank you.,,,,cost of living,,,CA-09,CA,95376,37.972392,-121.378997,2026-03-04T16:02:40.416202,neutral
25,Hi I'm a constituent of Congressman Josh Harder. I'm really concerned about the war with Iran. I hope the Congressman takes this issue seriously. Thank you.,,,,Iran,,,CA-09,CA,95336,38.146912,-121.491154,2026-03-03T08:04:40.416205,neutral
26,Hi I'm a constituent of Congressman Josh Harder. I'm really concerned about rising cost of living. I hope the Congressman takes this issue seriously. Thank you.,,,,cost of living,,,CA-09,CA,95376,37.938537,-121.11603,2026-03-07T00:18:40.416208,neutral
27,Hi I'm a constituent of Congressman Josh Harder. I wanted to express concerns about national policy decisions affecting our district. Thank you.,,,,,,,CA-09,CA,95336,38.034229,-121.285095,2026-03-05T16:22:40.416210,neutral
28,Hi I'm a constituent of Congressman Josh Harder. I'm calling because families in our district are struggling with the cost of living. Thank you.,,,,cost of living,,,CA-09,CA,95210,37.964004,-121.357576,2026-03-03T06:05:40.416213,neutral
29,Hi I'm a constituent of Congressman Josh Harder. I'm calling about the Impeachment Resolution (H.Res.353). I oppose it. I also want to mention concerns about rising cost of living. Thank you.,,,,cost of living,,,CA-09,CA,95336,37.991081,-121.182389,2026-03-03T06:43:40.416216,oppose
30,"Hi I'm a constituent of Congressman Josh Harder. I'm calling about the ROTOR Act (S.2503). I oppose this bill because it would help families in our district. Thank you, have a good day.",ROTOR Act,,,,,,CA-09,CA,95336,38.012386,-121.191191,2026-03-06T11:03:40.416219,oppose
31,Hi I'm a constituent of Congressman Josh Harder. I'm calling about the SAVE America Act (H.R.7296). I oppose it. I also want to mention concerns about the war with Iran. Thank you.,SAVE America Act,,,Iran,,,CA-09,CA,95219,37.845024,-121.217083,2026-03-03T04:57:40.416222,oppose
32,Hi I'm a constituent of Congressman Josh Harder. I hope Congress addresses healthcare affordability. I hope the Congressman takes this issue seriously. Thank you.,,,,,,,CA-09,CA,95207,38.029193,-121.36334,2026-03-02T12:08:40.416224,neutral
33,Hi I'm a constituent of Congressman Josh Harder. I wanted to express concerns about national policy decisions affecting our district. Thank you.,,,,,,,CA-09,CA,95210,37.951567,-121.156864,2026-03-03T20:29:40.416227,neutral
34,Hi I'm a constituent of Congressman Josh Harder. I'm calling because families in our district are struggling with the cost of living. Thank you.,,,,cost of living,,,CA-09,CA,95219,37.82512,-121.203636,2026-03-07T00:38:40.416230,neutral
35,Hi I'm a constituent of Congressman Josh Harder. I'm worried about housing affordability in the Central Valley. I hope the Congressman takes this issue seriously. Thank you.,,,,housing,,,CA-09,CA,95336,38.135608,-121.411468,2026-03-03T19:18:40.416232,neutral
36,"Hi I'm a constituent of Congressman Josh Harder. I'm calling about the Reconciliation Act (H.R.1). I support this bill because I believe it's important for the country. Thank you, have a good day.",,,,,,,CA-09,CA,95207,37.990378,-121.495909,2026-03-03T04:08:40.416235,support
37,"Hi I'm a constituent of Congressman Josh Harder. I'm calling about the ROTOR Act (S.2503). I support this bill because I don't think taxpayer money should go toward it. Thank you, have a good day.",ROTOR Act,,,,,,CA-09,CA,95376,38.159894,-121.459155,2026-03-06T09:48:40.416238,support
38,"Hi I'm a constituent of Congressman Josh Harder. I'm calling about the Stop the Sexualization of Children Act (H.R.7661). I oppose this bill because I think it goes too far. Thank you, have a good day.",Stop the Sexualization of Children Act,,,,,,CA-09,CA,95210,38.064645,-121.389523,2026-03-07T09:26:40.416241,oppose
39,Hi I'm a constituent of Congressman Josh Harder. I'm really concerned about immigration enforcement and ICE policy. I hope the Congressman takes this issue seriously. Thank you.,,,,ICE,,,CA-09,CA,95376,38.184117,-121.298475,2026-03-03T18:59:40.416244,neutral
40,Hi I'm a constituent of Congressman Josh Harder. I just wanted to share concerns about economic conditions in our community. Thank you.,,,,,,,CA-09,CA,95210,38.086455,-121.353444,2026-03-06T09:56:40.416247,neutral
41,"Hi I'm a constituent of Congressman Josh Harder. I'm calling about the Epstein Files Transparency Act (H.R.4405). I oppose this bill because I don't think taxpayer money should go toward it. Thank you, have a good day.",Epstein Files Transparency Act,,,,,,CA-09,CA,95207,37.996945,-121.215408,2026-03-06T12:31:40.416250,oppose
42,Hi I'm a constituent of Congressman Josh Harder. I'm calling about the Epstein Files Transparency Act (H.R.4405). I oppose it. I also want to mention concerns about healthcare affordability. Thank you.,Epstein Files Transparency Act,,,,,,CA-09,CA,95219,37.940585,-121.219939,2026-03-05T00:01:40.416253,oppose
43,Hi I'm a constituent of Congressman Josh Harder. I'm really concerned about energy prices. I hope the Congressman takes this issue seriously. Thank you.,,,,ICE,,,CA-09,CA,95330,38.132615,-121.469374,2026-03-02T17:13:40.416258,neutral
44,Hi I'm a constituent of Congressman Josh Harder. I just wanted to share concerns about economic conditions in our community. Thank you.,,,,,,,CA-09,CA,95336,37.854137,-121.177615,2026-03-05T06:12:40.416260,neutral
45,Hi I'm a constituent of Congressman Josh Harder. I strongly support action on the war with Iran. I hope the Congressman takes this issue seriously. Thank you.,,,,Iran,,,CA-09,CA,95376,37.998508,-121.277035,2026-03-02T07:48:40.416263,support
46,"Hi I'm a constituent of Congressman Josh Harder. I'm calling about the Impeachment Resolution (H.Res.353). I support this bill because it would help families in our district. Thank you, have a good day.",,,,,,,CA-09,CA,95330,37.945632,-121.392709,2026-03-05T16:42:40.416266,support
47,"Hi I'm a constituent of Congressman Josh Harder. I'm calling about the SAVE America Act (H.R.7296). I support this bill because I have concerns about the policy. Thank you, have a good day.",SAVE America Act,,,,,,CA-09,CA,95330,38.098195,-121.441352,2026-03-05T20:50:40.416269,support
48,"Hi I'm a constituent of Congressman Josh Harder. I'm calling about the ROTOR Act (S.2503). I oppose this bill because I don't think taxpayer money should go toward it. Thank you, have a good day.",ROTOR Act,,,,,,CA-09,CA,95336,37.972439,-121.145761,2026-03-01T11:58:40.416272,oppose
49,Hi I'm a constituent of Congressman Josh Harder. I wanted to express concerns about national policy decisions affecting our district. Thank you.,,,,,,,CA-09,CA,95219,38.036524,-121.106363,2026-03-01T10:20:40.416275,neutral
50,Hi I'm a constituent of Congressman Josh Harder. I'm really concerned about immigration enforcement and ICE policy. I hope the Congressman takes this issue seriously. Thank you.,,,,ICE,,,CA-09,CA,95330,37.994168,-121.370665,2026-03-06T22:15:40.416277,neutral
51,Hi I'm a constituent of Congressman Josh Harder. I'm really concerned about water shortages affecting agriculture. I hope the Congressman takes this issue seriously. Thank you.,,,,,,,CA-09,CA,95207,38.162514,-121.435787,2026-03-07T03:28:40.416280,neutral
52,Hi I'm a constituent of Congressman Josh Harder. I'm calling about the Respect for Marriage Act (H.R.8404). I support it. I also want to mention concerns about water shortages affecting agriculture. Thank you.,Respect for Marriage Act,,,,,,CA-09,CA,95219,38.126258,-121.16845,2026-03-06T14:50:40.416283,support
53,Hi I'm a constituent of Congressman Josh Harder. I'm really concerned about healthcare affordability. I hope the Congressman takes this issue seriously. Thank you.,,,,,,,CA-09,CA,95336,38.150243,-121.407074,2026-03-04T03:01:40.416286,neutral
54,Hi I'm a constituent of Congressman Josh Harder. I'm really concerned about immigration enforcement and ICE policy. I hope the Congressman takes this issue seriously. Thank you.,,,,ICE,,,CA-09,CA,95376,38.043298,-121.306438,2026-03-04T15:53:40.416289,neutral
55,Hi I'm a constituent of Congressman Josh Harder. I'm calling because families in our district are struggling with the cost of living. Thank you.,,,,cost of living,,,CA-09,CA,95336,37.900607,-121.423137,2026-03-06T04:59:40.416291,neutral
56,Hi I'm a constituent of Congressman Josh Harder. I'm calling because families in our district are struggling with the cost of living. Thank you.,,,,cost of living,,,CA-09,CA,95210,38.006839,-121.23701,2026-03-03T06:17:40.416293,neutral
57,Hi I'm a constituent of Congressman Josh Harder. I'm calling because families in our district are struggling with the cost of living. Thank you.,,,,cost of living,,,CA-09,CA,95219,38.006527,-121.16752,2026-02-28T23:07:40.416296,neutral
58,Hi I'm a constituent of Congressman Josh Harder. I'm worried about rising cost of living. I hope the Congressman takes this issue seriously. Thank you.,,,,cost of living,,,CA-09,CA,95219,37.943244,-121.171222,2026-03-01T14:28:40.416299,neutral
59,Hi I'm a constituent of Congressman Josh Harder. I'm worried about immigration enforcement and ICE policy. I hope the Congressman takes this issue seriously. Thank you.,,,,ICE,,,CA-09,CA,95330,37.840664,-121.213663,2026-03-06T15:39:40.416302,neutral
60,"Hi I'm a constituent of Congressman Josh Harder. I'm calling about the Stop the Sexualization of Children Act (H.R.7661). I oppose this bill because I don't think taxpayer money should go toward it. Thank you, have a good day.",Stop the Sexualization of Children Act,,,,,,CA-09,CA,95376,38.12816,-121.437945,2026-03-02T05:14:40.416304,oppose
61,Hi I'm a constituent of Congressman Josh Harder. I hope Congress focuses on helping working families. Thank you.,,,,,,,CA-09,CA,95336,38.018281,-121.465933,2026-03-01T20:39:40.416307,neutral
62,Hi I'm a constituent of Congressman Josh Harder. I'm calling about the SAVE Act (H.R.22). I support it. I also want to mention concerns about immigration enforcement and ICE policy. Thank you.,SAVE Act,,,ICE,,,CA-09,CA,95330,37.866304,-121.229748,2026-03-05T14:39:40.416310,support
63,Hi I'm a constituent of Congressman Josh Harder. I'm calling about the ROTOR Act (S.2503). I support it. I also want to mention concerns about immigration enforcement and ICE policy. Thank you.,ROTOR Act,,,ICE,,,CA-09,CA,95336,38.08881,-121.366475,2026-02-28T21:17:40.416313,support
64,Hi I'm a constituent of Congressman Josh Harder. I'm calling about the Impeachment Resolution (H.Res.353). I support it. I also want to mention concerns about rising cost of living. Thank you.,,,,cost of living,,,CA-09,CA,95376,38.148457,-121.21088,2026-03-03T07:04:40.416316,support
65,Hi I'm a constituent of Congressman Josh Harder. I'm calling about the ROTOR Act (S.2503). I support it. I also want to mention concerns about rising cost of living. Thank you.,ROTOR Act,,,cost of living,,,CA-09,CA,95330,37.839187,-121.183128,2026-02-28T13:46:40.416319,support
66,Hi I'm a constituent of Congressman Josh Harder. I'm calling about the ROTOR Act (S.2503). I support it. I also want to mention concerns about the war with Iran. Thank you.,ROTOR Act,,,Iran,,,CA-09,CA,95330,38.032259,-121.489898,2026-03-04T03:54:40.416322,support
67,Hi I'm a constituent of Congressman Josh Harder. I'm really concerned about the war with Iran. I hope the Congressman takes this issue seriously. Thank you.,,,,Iran,,,CA-09,CA,95376,38.139511,-121.360643,2026-03-04T17:06:40.416325,neutral
68,Hi I'm a constituent of Congressman Josh Harder. I just wanted to share concerns about economic conditions in our community. Thank you.,,,,,,,CA-09,CA,95336,38.031405,-121.485334,2026-03-04T10:45:40.416328,neutral
69,"Hi I'm a constituent of Congressman Josh Harder. I'm calling about the Epstein Files Transparency Act (H.R.4405). I support this bill because I believe it's important for the country. Thank you, have a good day.",Epstein Files Transparency Act,,,,,,CA-09,CA,95376,38.176102,-121.178559,2026-02-28T21:46:40.416331,support
70,Hi I'm a constituent of Congressman Josh Harder. I just wanted to share concerns about economic conditions in our community. Thank you.,,,,,,,CA-09,CA,95210,38.17285,-121.47015,2026-03-01T21:09:40.416335,neutral
71,Hi I'm a constituent of Congressman Josh Harder. I'm worried about healthcare affordability. I hope the Congressman takes this issue seriously. Thank you.,,,,,,,CA-09,CA,95336,37.846531,-121.276659,2026-03-03T14:29:40.416338,neutral
72,"Hi I'm a constituent of Congressman Josh Harder. I'm calling about the Stop the Sexualization of Children Act (H.R.7661). I support this bill because I don't think taxpayer money should go toward it. Thank you, have a good day.",Stop the Sexualization of Children Act,,,,,,CA-09,CA,95210,38.149903,-121.239847,2026-03-03T04:23:40.416341,support
73,Hi I'm a constituent of Congressman Josh Harder. I just wanted to share concerns about economic conditions in our community. Thank you.,,,,,,,CA-09,CA,95219,38.047075,-121.230183,2026-03-05T01:50:40.416343,neutral
74,"Hi I'm a constituent of Congressman Josh Harder. I'm calling about the Consolidated Appropriations Act 2026 (H.R.7148). I oppose this bill because it would help working people. Thank you, have a good day.",Consolidated Appropriations Act,,,,,,CA-09,CA,95330,37.803294,-121.389986,2026-03-02T21:21:40.416346,oppose
75,Hi I'm a constituent of Congressman Josh Harder. I'm calling about the Stop the Sexualization of Children Act (H.R.7661). I oppose it. I also want to mention concerns about rising cost of living. Thank you.,Stop the Sexualization of Children Act,,,cost of living,,,CA-09,CA,95210,37.914215,-121.33254,2026-03-04T12:55:40.416349,oppose
76,Hi I'm a constituent of Congressman Josh Harder. I wanted to express concerns about national policy decisions affecting our district. Thank you.,,,,,,,CA-09,CA,95336,37.939112,-121.368072,2026-02-28T20:22:40.416353,neutral
77,Hi I'm a constituent of Congressman Josh Harder. I'm calling about the Epstein Files Transparency Act (H.R.4405). I oppose it. I also want to mention concerns about immigration enforcement and ICE policy. Thank you.,Epstein Files Transparency Act,,,ICE,,,CA-09,CA,95376,38.068651,-121.227336,2026-03-05T17:31:40.416356,oppose
78,Hi I'm a constituent of Congressman Josh Harder. I'm calling about the Treat and Reduce Obesity Act (H.R.4818). I oppose it. I also want to mention concerns about rising cost of living. Thank you.,Treat and Reduce Obesity Act,,,cost of living,,,CA-09,CA,95207,38.126575,-121.371954,2026-03-03T03:22:40.416360,oppose
79,Hi I'm a constituent of Congressman Josh Harder. I'm calling because families in our district are struggling with the cost of living. Thank you.,,,,cost of living,,,CA-09,CA,95207,38.108378,-121.244672,2026-02-28T18:27:40.416363,neutral
80,Hi I'm a constituent of Congressman Josh Harder. I'm worried about the humanitarian situation in Gaza. I hope the Congressman takes this issue seriously. Thank you.,,,,Gaza,,,CA-09,CA,95207,38.103881,-121.15877,2026-03-07T11:07:40.416366,neutral
81,Hi I'm a constituent of Congressman Josh Harder. I hope Congress focuses on helping working families. Thank you.,,,,,,,CA-09,CA,95376,38.126856,-121.477294,2026-03-01T13:51:40.416369,neutral
82,Hi I'm a constituent of Congressman Josh Harder. I'm calling about the Impeachment Resolution (H.Res.353). I oppose it. I also want to mention concerns about healthcare affordability. Thank you.,,,,,,,CA-09,CA,95330,38.049692,-121.222879,2026-03-07T02:50:40.416372,oppose
83,Hi I'm a constituent of Congressman Josh Harder. I'm calling about the Epstein Files Transparency Act (H.R.4405). I oppose it. I also want to mention concerns about rising cost of living. Thank you.,Epstein Files Transparency Act,,,cost of living,,,CA-09,CA,95336,37.90808,-121.177635,2026-03-01T17:27:40.416375,oppose
84,Hi I'm a constituent of Congressman Josh Harder. I hope Congress addresses immigration enforcement and ICE policy. I hope the Congressman takes this issue seriously. Thank you.,,,,ICE,,,CA-09,CA,95376,37.997541,-121.423116,2026-03-03T07:01:40.416378,neutral
85,Hi I'm a constituent of Congressman Josh Harder. I hope Congress focuses on helping working families. Thank you.,,,,,,,CA-09,CA,95219,38.013418,-121.447289,2026-03-03T10:20:40.416380,neutral
86,Hi I'm a constituent of Congressman Josh Harder. I hope Congress addresses the humanitarian situation in Gaza. I hope the Congressman takes this issue seriously. Thank you.,,,,Gaza,,,CA-09,CA,95219,38.099212,-121.483473,2026-03-04T09:00:40.416384,neutral
87,Hi I'm a constituent of Congressman Josh Harder. I hope Congress focuses on helping working families. Thank you.,,,,,,,CA-09,CA,95210,37.852469,-121.456635,2026-03-03T20:52:40.416387,neutral
88,Hi I'm a constituent of Congressman Josh Harder. I'm calling because families in our district are struggling with the cost of living. Thank you.,,,,cost of living,,,CA-09,CA,95207,37.837318,-121.114756,2026-03-01T00:04:40.416390,neutral
89,Hi I'm a constituent of Congressman Josh Harder. I'm calling about the Consolidated Appropriations Act 2026 (H.R.7148). I oppose it. I also want to mention concerns about water shortages affecting agriculture. Thank you.,Consolidated Appropriations Act,,,,,,CA-09,CA,95336,38.07092,-121.347211,2026-03-05T05:23:40.416393,oppose
90,"Hi I'm a constituent of Congressman Josh Harder. I'm calling about the Epstein Files Transparency Act (H.R.4405). I oppose this bill because it would help working people. Thank you, have a good day.",Epstein Files Transparency Act,,,,,,CA-09,CA,95210,38.027803,-121.35241,2026-03-02T20:34:40.416395,oppose
91,"Hi I'm a constituent of Congressman Josh Harder. I'm calling about the Consolidated Appropriations Act 2026 (H.R.7148). I oppose this bill because it would help working people. Thank you, have a good day.",Consolidated Appropriations Act,,,,,,CA-09,CA,95330,38.02711,-121.212869,2026-03-02T07:30:40.416398,oppose
92,Hi I'm a constituent of Congressman Josh Harder. I'm calling about the ROTOR Act (S.2503). I oppose it. I also want to mention concerns about the humanitarian situation in Gaza. Thank you.,ROTOR Act,,,Gaza,,,CA-09,CA,95330,38.065501,-121.173518,2026-03-02T00:36:40.416401,oppose
93,Hi I'm a constituent of Congressman Josh Harder. I strongly support action on the humanitarian situation in Gaza. I hope the Congressman takes this issue seriously. Thank you.,,,,Gaza,,,CA-09,CA,95219,38.180309,-121.102075,2026-03-06T09:02:40.416404,support
94,Hi I'm a constituent of Congressman Josh Harder. I'm worried about energy prices. I hope the Congressman takes this issue seriously. Thank you.,,,,ICE,,,CA-09,CA,95210,37.99063,-121.134716,2026-03-01T20:06:40.416407,neutral
95,Hi I'm a constituent of Congressman Josh Harder. I just wanted to share concerns about economic conditions in our community. Thank you.,,,,,,,CA-09,CA,95376,37.858811,-121.154166,2026-03-05T12:52:40.416410,neutral
96,"Hi I'm a constituent of Congressman Josh Harder. I'm calling about the SAVE America Act (H.R.7296). I support this bill because I think it goes too far. Thank you, have a good day.",SAVE America Act,,,,,,CA-09,CA,95336,37.805776,-121.363863,2026-03-04T03:17:40.416413,support
97,Hi I'm a constituent of Congressman Josh Harder. I'm calling about the Epstein Files Transparency Act (H.R.4405). I oppose it. I also want to mention concerns about housing affordability in the Central Valley. Thank you.,Epstein Files Transparency Act,,,housing,,,CA-09,CA,95219,37.925166,-121.13697,2026-03-03T01:46:40.416416,oppose
98,Hi I'm a constituent of Congressman Josh Harder. I'm calling about the SAVE Act (H.R.22). I support it. I also want to mention concerns about energy prices. Thank you.,SAVE Act,,,ICE,,,CA-09,CA,95219,38.134082,-121.277504,2026-03-03T11:24:40.416419,support
99,Hi I'm a constituent of Congressman Josh Harder. I hope Congress focuses on helping working families. Thank you.,,,,,,,CA-09,CA,95336,38.166418,-121.358157,2026-03-06T04:25:40.416421,neutral
100,"Hi I'm a constituent of Congressman Josh Harder. I'm calling about the ROTOR Act (S.2503). I support this bill because it would help working people. Thank you, have a good day.",ROTOR Act,,,,,,CA-09,CA,95330,37.803409,-121.422757,2026-03-07T11:46:40.416424,support
101,Hi I'm a constituent of Congressman Josh Harder. I'm calling about the Respect for Marriage Act (H.R.8404). I oppose it. I also want to mention concerns about energy prices. Thank you.,Respect for Marriage Act,,,ICE,,,CA-09,CA,95330,37.92522,-121.142514,2026-03-06T14:59:40.416427,oppose
102,Hi I'm a constituent of Congressman Josh Harder. I just wanted to share concerns about economic conditions in our community. Thank you.,,,,,,,CA-09,CA,95210,37.899013,-121.323646,2026-03-03T00:16:40.416430,neutral
103,Hi I'm a constituent of Congressman Josh Harder. I'm worried about healthcare affordability. I hope the Congressman takes this issue seriously. Thank you.,,,,,,,CA-09,CA,95336,38.115771,-121.404743,2026-03-03T02:54:40.416433,neutral
104,Hi I'm a constituent of Congressman Josh Harder. I wanted to express concerns about national policy decisions affecting our district. Thank you.,,,,,,,CA-09,CA,95219,38.003113,-121.403072,2026-03-02T00:52:40.416435,neutral
105,"Hi I'm a constituent of Congressman Josh Harder. I'm calling about the Stop the Sexualization of Children Act (H.R.7661). I support this bill because it would help families in our district. Thank you, have a good day.",Stop the Sexualization of Children Act,,,,,,CA-09,CA,95336,37.946846,-121.450281,2026-03-02T00:44:40.416438,support
106,Hi I'm a constituent of Congressman Josh Harder. I'm calling about the ROTOR Act (S.2503). I support it. I also want to mention concerns about healthcare affordability. Thank you.,ROTOR Act,,,,,,CA-09,CA,95376,37.893211,-121.476151,2026-03-01T11:13:40.416441,support
107,Hi I'm a constituent of Congressman Josh Harder. I'm calling about the SAVE Act (H.R.22). I oppose it. I also want to mention concerns about water shortages affecting agriculture. Thank you.,SAVE Act,,,,,,CA-09,CA,95207,37.801643,-121.403308,2026-02-28T20:30:40.416444,oppose
108,Hi I'm a constituent of Congressman Josh Harder. I hope Congress focuses on helping working families. Thank you.,,,,,,,CA-09,CA,95210,38.100438,-121.35094,2026-02-28T19:42:40.416447,neutral
109,"Hi I'm a constituent of Congressman Josh Harder. I'm calling about the SAVE Act (H.R.22). I support this bill because it would help working people. Thank you, have a good day.",SAVE Act,,,,,,CA-09,CA,95207,38.008459,-121.211846,2026-03-01T23:40:40.416449,support
110,Hi I'm a constituent of Congressman Josh Harder. I hope Congress focuses on helping working families. Thank you.,,,,,,,CA-09,CA,95376,37.886077,-121.159997,2026-03-05T11:51:40.416452,neutral
111,Hi I'm a constituent of Congressman Josh Harder. I'm calling about the Reconciliation Act (H.R.1). I support it. I also want to mention concerns about immigration enforcement and ICE policy. Thank you.,,,,ICE,,,CA-09,CA,95207,38.193228,-121.367992,2026-03-02T12:18:40.416455,support
112,"Hi I'm a constituent of Congressman Josh Harder. I'm calling about the Respect for Marriage Act (H.R.8404). I support this bill because I have concerns about the policy. Thank you, have a good day.",Respect for Marriage Act,,,,,,CA-09,CA,95336,37.87472,-121.221127,2026-03-05T17:03:40.416458,support
113,Hi I'm a constituent of Congressman Josh Harder. I wanted to express concerns about national policy decisions affecting our district. Thank you.,,,,,,,CA-09,CA,95336,37.876148,-121.213724,2026-03-06T19:25:40.416460,neutral
114,Hi I'm a constituent of Congressman Josh Harder. I'm calling about the ROTOR Act (S.2503). I oppose it. I also want to mention concerns about the humanitarian situation in Gaza. Thank you.,ROTOR Act,,,Gaza,,,CA-09,CA,95376,37.959819,-121.288184,2026-03-01T00:42:40.416463,oppose
115,Hi I'm a constituent of Congressman Josh Harder. I hope Congress focuses on helping working families. Thank you.,,,,,,,CA-09,CA,95219,37.940048,-121.285636,2026-03-02T23:41:40.416466,neutral
116,Hi I'm a constituent of Congressman Josh Harder. I hope Congress focuses on helping working families. Thank you.,,,,,,,CA-09,CA,95210,37.850584,-121.36147,2026-03-04T00:33:40.416468,neutral
117,Hi I'm a constituent of Congressman Josh Harder. I hope Congress focuses on helping working families. Thank you.,,,,,,,CA-09,CA,95336,38.019269,-121.162586,2026-03-07T02:24:40.416471,neutral
118,Hi I'm a constituent of Congressman Josh Harder. I'm worried about the war with Iran. I hope the Congressman takes this issue seriously. Thank you.,,,,Iran,,,CA-09,CA,95219,38.033293,-121.133442,2026-03-07T05:46:40.416473,neutral
119,Hi I'm a constituent of Congressman Josh Harder. I'm calling about the ROTOR Act (S.2503). I oppose it. I also want to mention concerns about rising cost of living. Thank you.,ROTOR Act,,,cost of living,,,CA-09,CA,95210,38.110161,-121.197179,2026-03-02T00:18:40.416476,oppose
120,Hi I'm a constituent of Congressman Josh Harder. I'm calling because families in our district are struggling with the cost of living. Thank you.,,,,cost of living,,,CA-09,CA,95376,38.140838,-121.255555,2026-03-04T19:44:40.416479,neutral
121,Hi I'm a constituent of Congressman Josh Harder. I hope Congress addresses the humanitarian situation in Gaza. I hope the Congressman takes this issue seriously. Thank you.,,,,Gaza,,,CA-09,CA,95336,38.065793,-121.289235,2026-03-06T03:17:40.416482,neutral
122,Hi I'm a constituent of Congressman Josh Harder. I'm calling about the SAVE Act (H.R.22). I oppose it. I also want to mention concerns about healthcare affordability. Thank you.,SAVE Act,,,,,,CA-09,CA,95330,37.811981,-121.295928,2026-03-01T10:33:40.416485,oppose
123,"Hi I'm a constituent of Congressman Josh Harder. I'm calling about the Epstein Files Transparency Act (H.R.4405). I oppose this bill because I think it goes too far. Thank you, have a good day.",Epstein Files Transparency Act,,,,,,CA-09,CA,95219,38.014771,-121.161766,2026-03-03T16:47:40.416488,oppose
124,Hi I'm a constituent of Congressman Josh Harder. I strongly support action on housing affordability in the Central Valley. I hope the Congressman takes this issue seriously. Thank you.,,,,housing,,,CA-09,CA,95207,38.116437,-121.28097,2026-02-28T17:02:40.416490,support
125,Hi I'm a constituent of Congressman Josh Harder. I hope Congress focuses on helping working families. Thank you.,,,,,,,CA-09,CA,95210,37.80167,-121.373435,2026-03-06T09:41:40.416493,neutral
126,Hi I'm a constituent of Congressman Josh Harder. I'm calling about the SAVE Act (H.R.22). I support it. I also want to mention concerns about energy prices. Thank you.,SAVE Act,,,ICE,,,CA-09,CA,95207,37.844802,-121.402196,2026-03-04T16:40:40.416496,support
127,Hi I'm a constituent of Congressman Josh Harder. I hope Congress addresses water shortages affecting agriculture. I hope the Congressman takes this issue seriously. Thank you.,,,,,,,CA-09,CA,95207,38.139258,-121.395821,2026-03-05T13:04:40.416498,neutral
128,Hi I'm a constituent of Congressman Josh Harder. I wanted to express concerns about national policy decisions affecting our district. Thank you.,,,,,,,CA-09,CA,95210,37.821954,-121.10867,2026-03-05T13:41:40.416501,neutral
129,Hi I'm a constituent of Congressman Josh Harder. I hope Congress focuses on helping working families. Thank you.,,,,,,,CA-09,CA,95207,37.873364,-121.272431,2026-02-28T21:02:40.416503,neutral
130,"Hi I'm a constituent of Congressman Josh Harder. I'm calling about the Epstein Files Transparency Act (H.R.4405). I oppose this bill because I think it goes too far. Thank you, have a good day.",Epstein Files Transparency Act,,,,,,CA-09,CA,95336,38.103339,-121.493004,2026-03-03T04:31:40.416506,oppose
131,Hi I'm a constituent of Congressman Josh Harder. I'm calling about the Reconciliation Act (H.R.1). I support it. I also want to mention concerns about the war with Iran. Thank you.,,,,Iran,,,CA-09,CA,95210,37.907709,-121.497192,2026-03-06T13:52:40.416509,support
132,Hi I'm a constituent of Congressman Josh Harder. I hope Congress focuses on helping working families. Thank you.,,,,,,,CA-09,CA,95336,37.810697,-121.189409,2026-03-01T20:48:40.416512,neutral
133,"Hi I'm a constituent of Congressman Josh Harder. I'm calling about the Impeachment Resolution (H.Res.353). I support this bill because it would help working people. Thank you, have a good day.",,,,,,,CA-09,CA,95207,37.997649,-121.367965,2026-03-06T09:15:40.416514,support
134,Hi I'm a constituent of Congressman Josh Harder. I'm calling about the SAVE Act (H.R.22). I support it. I also want to mention concerns about immigration enforcement and ICE policy. Thank you.,SAVE Act,,,ICE,,,CA-09,CA,95336,38.016023,-121.33977,2026-03-06T13:52:40.416517,support
135,Hi I'm a constituent of Congressman Josh Harder. I wanted to express concerns about national policy decisions affecting our district. Thank you.,,,,,,,CA-09,CA,95376,37.849656,-121.230919,2026-02-28T17:02:40.416520,neutral
136,Hi I'm a constituent of Congressman Josh Harder. I strongly support action on the humanitarian situation in Gaza. I hope the Congressman takes this issue seriously. Thank you.,,,,Gaza,,,CA-09,CA,95207,37.855027,-121.178142,2026-03-04T11:38:40.416522,support
137,Hi I'm a constituent of Congressman Josh Harder. I'm worried about energy prices. I hope the Congressman takes this issue seriously. Thank you.,,,,ICE,,,CA-09,CA,95219,37.839111,-121.334805,2026-03-01T12:32:40.416525,neutral
138,Hi I'm a constituent of Congressman Josh Harder. I'm calling about the Reconciliation Act (H.R.1). I support it. I also want to mention concerns about rising cost of living. Thank you.,,,,cost of living,,,CA-09,CA,95219,37.93613,-121.2687,2026-03-02T17:39:40.416528,support
139,Hi I'm a constituent of Congressman Josh Harder. I hope Congress addresses energy prices. I hope the Congressman takes this issue seriously. Thank you.,,,,ICE,,,CA-09,CA,95207,37.891508,-121.210827,2026-03-01T16:29:40.416530,neutral
140,"Hi I'm a constituent of Congressman Josh Harder. I'm calling about the Epstein Files Transparency Act (H.R.4405). I oppose this bill because I have concerns about the policy. Thank you, have a good day.",Epstein Files Transparency Act,,,,,,CA-09,CA,95376,38.199553,-121.339703,2026-03-05T10:22:40.416533,oppose
141,"Hi I'm a constituent of Congressman Josh Harder. I'm calling about the Stop the Sexualization of Children Act (H.R.7661). I support this bill because it would help families in our district. Thank you, have a good day.",Stop the Sexualization of Children Act,,,,,,CA-09,CA,95330,38.16265,-121.176604,2026-03-06T15:51:40.416536,support
142,"Hi I'm a constituent of Congressman Josh Harder. I'm calling about the Stop the Sexualization of Children Act (H.R.7661). I oppose this bill because I have concerns about the policy. Thank you, have a good day.",Stop the Sexualization of Children Act,,,,,,CA-09,CA,95336,37.897028,-121.457559,2026-03-03T12:21:40.416538,oppose
143,Hi I'm a constituent of Congressman Josh Harder. I wanted to express concerns about national policy decisions affecting our district. Thank you.,,,,,,,CA-09,CA,95210,38.109153,-121.163787,2026-03-02T21:44:40.416541,neutral
144,"Hi I'm a constituent of Congressman Josh Harder. I'm calling about the Consolidated Appropriations Act 2026 (H.R.7148). I support this bill because I think it goes too far. Thank you, have a good day.",Consolidated Appropriations Act,,,,,,CA-09,CA,95376,38.156893,-121.206472,2026-03-01T03:51:40.416544,support
145,Hi I'm a constituent of Congressman Josh Harder. I just wanted to share concerns about economic conditions in our community. Thank you.,,,,,,,CA-09,CA,95207,37.875673,-121.385688,2026-03-02T22:22:40.416546,neutral
146,"Hi I'm a constituent of Congressman Josh Harder. I'm calling about the SAVE Act (H.R.22). I support this bill because it would help working people. Thank you, have a good day.",SAVE Act,,,,,,CA-09,CA,95376,37.99223,-121.272479,2026-03-03T23:29:40.416549,support
147,Hi I'm a constituent of Congressman Josh Harder. I strongly support action on rising cost of living. I hope the Congressman takes this issue seriously. Thank you.,,,,cost of living,,,CA-09,CA,95219,37.924067,-121.358375,2026-03-01T04:40:40.416552,support
148,"Hi I'm a constituent of Congressman Josh Harder. I'm calling about the Treat and Reduce Obesity Act (H.R.4818). I oppose this bill because it would help families in our district. Thank you, have a good day.",Treat and Reduce Obesity Act,,,,,,CA-09,CA,95210,38.077894,-121.344663,2026-03-01T11:26:40.416555,oppose
149,Hi I'm a constituent of Congressman Josh Harder. I'm calling about the Stop the Sexualization of Children Act (H.R.7661). I oppose it. I also want to mention concerns about the humanitarian situation in Gaza. Thank you.,Stop the Sexualization of Children Act,,,Gaza,,,CA-09,CA,95210,37.960496,-121.178716,2026-03-02T05:11:40.416558,oppose
150,Hi I'm a constituent of Congressman Josh Harder. I just wanted to share concerns about economic conditions in our community. Thank you.,,,,,,,CA-09,CA,95336,37.865084,-121.463536,2026-03-02T20:30:40.416560,neutral
151,Hi I'm a constituent of Congressman Josh Harder. I hope Congress addresses housing affordability in the Central Valley. I hope the Congressman takes this issue seriously. Thank you.,,,,housing,,,CA-09,CA,95210,37.979328,-121.388996,2026-03-02T09:19:40.416563,neutral
152,Hi I'm a constituent of Congressman Josh Harder. I'm calling about the Consolidated Appropriations Act 2026 (H.R.7148). I support it. I also want to mention concerns about immigration enforcement and ICE policy. Thank you.,Consolidated Appropriations Act,,,ICE,,,CA-09,CA,95336,38.010864,-121.269575,2026-03-01T14:06:40.416566,support
153,Hi I'm a constituent of Congressman Josh Harder. I strongly support action on the war with Iran. I hope the Congressman takes this issue seriously. Thank you.,,,,Iran,,,CA-09,CA,95376,38.029972,-121.161971,2026-03-02T14:42:40.416568,support
154,"Hi I'm a constituent of Congressman Josh Harder. I'm calling about the ROTOR Act (S.2503). I support this bill because I don't think taxpayer money should go toward it. Thank you, have a good day.",ROTOR Act,,,,,,CA-09,CA,95336,37.845133,-121.2869,2026-03-02T20:21:40.416571,support
155,"Hi I'm a constituent of Congressman Josh Harder. I'm calling about the Respect for Marriage Act (H.R.8404). I support this bill because it would help working people. Thank you, have a good day.",Respect for Marriage Act,,,,,,CA-09,CA,95330,37.841529,-121.30851,2026-03-06T14:27:40.416574,support
156,Hi I'm a constituent of Congressman Josh Harder. I hope Congress focuses on helping working families. Thank you.,,,,,,,CA-09,CA,95207,37.948705,-121.220836,2026-03-02T10:22:40.416576,neutral
157,"Hi I'm a constituent of Congressman Josh Harder. I'm calling about the Consolidated Appropriations Act 2026 (H.R.7148). I oppose this bill because it would help working people. Thank you, have a good day.",Consolidated Appropriations Act,,,,,,CA-09,CA,95219,38.033368,-121.327495,2026-03-07T00:49:40.416579,oppose
158,Hi I'm a constituent of Congressman Josh Harder. I'm worried about the war with Iran. I hope the Congressman takes this issue seriously. Thank you.,,,,Iran,,,CA-09,CA,95219,38.183693,-121.483172,2026-03-07T10:04:40.416582,neutral
159,Hi I'm a constituent of Congressman Josh Harder. I wanted to express concerns about national policy decisions affecting our district. Thank you.,,,,,,,CA-09,CA,95210,37.959085,-121.183897,2026-03-02T09:20:40.416584,neutral
160,Hi I'm a constituent of Congressman Josh Harder. I'm calling about the Epstein Files Transparency Act (H.R.4405). I oppose it. I also want to mention concerns about rising cost of living. Thank you.,Epstein Files Transparency Act,,,cost of living,,,CA-09,CA,95219,37.92752,-121.151372,2026-02-28T15:15:40.416587,oppose
161,"Hi I'm a constituent of Congressman Josh Harder. I'm calling about the Treat and Reduce Obesity Act (H.R.4818). I oppose this bill because it would help families in our district. Thank you, have a good day.",Treat and Reduce Obesity Act,,,,,,CA-09,CA,95336,37.819136,-121.389405,2026-03-03T22:06:40.416590,oppose
162,Hi I'm a constituent of Congressman Josh Harder. I wanted to express concerns about national policy decisions affecting our district. Thank you.,,,,,,,CA-09,CA,95336,37.956936,-121.166828,2026-03-06T13:02:40.416593,neutral
163,Hi I'm a constituent of Congressman Josh Harder. I'm calling because families in our district are struggling with the cost of living. Thank you.,,,,cost of living,,,CA-09,CA,95210,37.975484,-121.474983,2026-03-04T17:13:40.416595,neutral
164,Hi I'm a constituent of Congressman Josh Harder. I'm calling because families in our district are struggling with the cost of living. Thank you.,,,,cost of living,,,CA-09,CA,95219,38.058841,-121.410332,2026-03-05T01:30:40.416597,neutral
165,Hi I'm a constituent of Congressman Josh Harder. I just wanted to share concerns about economic conditions in our community. Thank you.,,,,,,,CA-09,CA,95207,38.153986,-121.393777,2026-03-06T10:48:40.416600,neutral
166,Hi I'm a constituent of Congressman Josh Harder. I'm really concerned about the war with Iran. I hope the Congressman takes this issue seriously. Thank you.,,,,Iran,,,CA-09,CA,95376,38.101295,-121.130247,2026-03-03T11:41:40.416603,neutral
167,"Hi I'm a constituent of Congressman Josh Harder. I'm calling about the Treat and Reduce Obesity Act (H.R.4818). I support this bill because I think it goes too far. Thank you, have a good day.",Treat and Reduce Obesity Act,,,,,,CA-09,CA,95207,37.883541,-121.145466,2026-03-02T03:04:40.416606,support
168,Hi I'm a constituent of Congressman Josh Harder. I'm worried about immigration enforcement and ICE policy. I hope the Congressman takes this issue seriously. Thank you.,,,,ICE,,,CA-09,CA,95210,38.063245,-121.281699,2026-03-02T01:10:40.416608,neutral
169,Hi I'm a constituent of Congressman Josh Harder. I'm calling because families in our district are struggling with the cost of living. Thank you.,,,,cost of living,,,CA-09,CA,95330,37.94067,-121.32837,2026-03-07T08:22:40.416611,neutral
170,Hi I'm a constituent of Congressman Josh Harder. I just wanted to share concerns about economic conditions in our community. Thank you.,,,,,,,CA-09,CA,95219,37.866974,-121.440544,2026-03-05T11:31:40.416613,neutral
171,Hi I'm a constituent of Congressman Josh Harder. I hope Congress addresses energy prices. I hope the Congressman takes this issue seriously. Thank you.,,,,ICE,,,CA-09,CA,95330,37.87971,-121.264864,2026-03-06T05:27:40.416616,neutral
172,Hi I'm a constituent of Congressman Josh Harder. I hope Congress focuses on helping working families. Thank you.,,,,,,,CA-09,CA,95219,37.95425,-121.154221,2026-03-04T16:20:40.416619,neutral
173,Hi I'm a constituent of Congressman Josh Harder. I'm calling about the Respect for Marriage Act (H.R.8404). I oppose it. I also want to mention concerns about the humanitarian situation in Gaza. Thank you.,Respect for Marriage Act,,,Gaza,,,CA-09,CA,95336,37.921156,-121.499917,2026-03-05T19:01:40.416621,oppose
174,Hi I'm a constituent of Congressman Josh Harder. I'm worried about healthcare affordability. I hope the Congressman takes this issue seriously. Thank you.,,,,,,,CA-09,CA,95207,38.041311,-121.102938,2026-03-02T15:45:40.416624,neutral
175,Hi I'm a constituent of Congressman Josh Harder. I'm calling about the SAVE America Act (H.R.7296). I oppose it. I also want to mention concerns about healthcare affordability. Thank you.,SAVE America Act,,,,,,CA-09,CA,95376,38.027379,-121.380625,2026-03-01T10:32:40.416627,oppose
176,Hi I'm a constituent of Congressman Josh Harder. I'm calling because families in our district are struggling with the cost of living. Thank you.,,,,cost of living,,,CA-09,CA,95210,37.843061,-121.42352,2026-03-04T05:19:40.416630,neutral
177,"Hi I'm a constituent of Congressman Josh Harder. I'm calling about the ROTOR Act (S.2503). I support this bill because I have concerns about the policy. Thank you, have a good day.",ROTOR Act,,,,,,CA-09,CA,95207,38.108397,-121.362873,2026-02-28T20:52:40.416632,support
178,Hi I'm a constituent of Congressman Josh Harder. I wanted to express concerns about national policy decisions affecting our district. Thank you.,,,,,,,CA-09,CA,95210,37.979205,-121.289658,2026-03-05T04:47:40.416635,neutral
179,Hi I'm a constituent of Congressman Josh Harder. I'm calling because families in our district are struggling with the cost of living. Thank you.,,,,cost of living,,,CA-09,CA,95207,38.163179,-121.206195,2026-03-05T06:19:40.416637,neutral
180,Hi I'm a constituent of Congressman Josh Harder. I strongly support action on the war with Iran. I hope the Congressman takes this issue seriously. Thank you.,,,,Iran,,,CA-09,CA,95330,38.120904,-121.184202,2026-03-02T03:32:40.416640,support
181,Hi I'm a constituent of Congressman Josh Harder. I'm calling because families in our district are struggling with the cost of living. Thank you.,,,,cost of living,,,CA-09,CA,95210,37.997507,-121.140427,2026-03-03T11:05:40.416642,neutral
182,"Hi I'm a constituent of Congressman Josh Harder. I'm calling about the Consolidated Appropriations Act 2026 (H.R.7148). I oppose this bill because it would help families in our district. Thank you, have a good day.",Consolidated Appropriations Act,,,,,,CA-09,CA,95210,37.863119,-121.264693,2026-03-05T16:11:40.416645,oppose
183,Hi I'm a constituent of Congressman Josh Harder. I'm calling about the SAVE America Act (H.R.7296). I support it. I also want to mention concerns about housing affordability in the Central Valley. Thank you.,SAVE America Act,,,housing,,,CA-09,CA,95376,37.92196,-121.243423,2026-03-01T04:52:40.416648,support
184,"Hi I'm a constituent of Congressman Josh Harder. I'm calling about the Impeachment Resolution (H.Res.353). I support this bill because I think it goes too far. Thank you, have a good day.",,,,,,,CA-09,CA,95330,38.198401,-121.281659,2026-02-28T15:14:40.416651,support
185,"Hi I'm a constituent of Congressman Josh Harder. I'm calling about the Respect for Marriage Act (H.R.8404). I support this bill because I have concerns about the policy. Thank you, have a good day.",Respect for Marriage Act,,,,,,CA-09,CA,95330,37.965845,-121.113587,2026-03-07T00:37:40.416653,support
186,Hi I'm a constituent of Congressman Josh Harder. I'm calling about the SAVE Act (H.R.22). I support it. I also want to mention concerns about the humanitarian situation in Gaza. Thank you.,SAVE Act,,,Gaza,,,CA-09,CA,95210,38.100902,-121.277707,2026-03-06T03:14:40.416656,support
187,"Hi I'm a constituent of Congressman Josh Harder. I'm calling about the Consolidated Appropriations Act 2026 (H.R.7148). I oppose this bill because I have concerns about the policy. Thank you, have a good day.",Consolidated Appropriations Act,,,,,,CA-09,CA,95207,37.924409,-121.40337,2026-03-01T03:40:40.416659,oppose
188,Hi I'm a constituent of Congressman Josh Harder. I strongly support action on water shortages affecting agriculture. I hope the Congressman takes this issue seriously. Thank you.,,,,,,,CA-09,CA,95207,37.901489,-121.301833,2026-03-01T14:40:40.416663,support
189,"Hi I'm a constituent of Congressman Josh Harder. I'm calling about the SAVE America Act (H.R.7296). I oppose this bill because I think it goes too far. Thank you, have a good day.",SAVE America Act,,,,,,CA-09,CA,95336,37.854579,-121.474138,2026-03-06T01:18:40.416666,oppose
190,Hi I'm a constituent of Congressman Josh Harder. I hope Congress addresses energy prices. I hope the Congressman takes this issue seriously. Thank you.,,,,ICE,,,CA-09,CA,95376,38.020912,-121.104335,2026-03-02T17:40:40.416670,neutral
191,Hi I'm a constituent of Congressman Josh Harder. I'm calling because families in our district are struggling with the cost of living. Thank you.,,,,cost of living,,,CA-09,CA,95336,37.832143,-121.208879,2026-03-03T03:53:40.416673,neutral
192,Hi I'm a constituent of Congressman Josh Harder. I just wanted to share concerns about economic conditions in our community. Thank you.,,,,,,,CA-09,CA,95210,37.908478,-121.380615,2026-03-05T06:26:40.416675,neutral
193,Hi I'm a constituent of Congressman Josh Harder. I wanted to express concerns about national policy decisions affecting our district. Thank you.,,,,,,,CA-09,CA,95376,38.098523,-121.245027,2026-03-07T00:40:40.416678,neutral
194,"Hi I'm a constituent of Congressman Josh Harder. I'm calling about the Epstein Files Transparency Act (H.R.4405). I oppose this bill because it would help families in our district. Thank you, have a good day.",Epstein Files Transparency Act,,,,,,CA-09,CA,95330,38.132752,-121.444596,2026-03-02T22:48:40.416681,oppose
195,Hi I'm a constituent of Congressman Josh Harder. I'm worried about immigration enforcement and ICE policy. I hope the Congressman takes this issue seriously. Thank you.,,,,ICE,,,CA-09,CA,95207,38.117562,-121.23805,2026-02-28T20:28:40.416683,neutral
196,"Hi I'm a constituent of Congressman Josh Harder. I'm calling about the Reconciliation Act (H.R.1). I support this bill because I have concerns about the policy. Thank you, have a good day.",,,,,,,CA-09,CA,95219,37.876076,-121.474711,2026-03-06T16:13:40.416686,support
197,Hi I'm a constituent of Congressman Josh Harder. I'm calling about the Reconciliation Act (H.R.1). I oppose it. I also want to mention concerns about immigration enforcement and ICE policy. Thank you.,,,,ICE,,,CA-09,CA,95210,38.031899,-121.193999,2026-03-05T04:58:40.416689,oppose
198,Hi I'm a constituent of Congressman Josh Harder. I'm worried about immigration enforcement and ICE policy. I hope the Congressman takes this issue seriously. Thank you.,,,,ICE,,,CA-09,CA,95207,38.17725,-121.284164,2026-03-03T12:15:40.416692,neutral
199,Hi I'm a constituent of Congressman Josh Harder. I'm calling about the Treat and Reduce Obesity Act (H.R.4818). I oppose it. I also want to mention concerns about energy prices. Thank you.,Treat and Reduce Obesity Act,,,ICE,,,CA-09,CA,95207,37.92747,-121.332795,2026-03-04T17:02:40.416694,oppose
200,Hi I'm a constituent of Congressman Josh Harder. I hope Congress focuses on helping working families. Thank you.,,,,,,,CA-09,CA,95207,38.154846,-121.289135,2026-03-01T05:28:40.416697,neutral
201,"Hi I'm a constituent of Congressman Josh Harder. I'm calling about the Respect for Marriage Act (H.R.8404). I support this bill because I don't think taxpayer money should go toward it. Thank you, have a good day.",Respect for Marriage Act,,,,,,CA-09,CA,95330,38.174471,-121.123886,2026-03-05T18:36:40.416700,support
202,Hi I'm a constituent of Congressman Josh Harder. I just wanted to share concerns about economic conditions in our community. Thank you.,,,,,,,CA-09,CA,95219,37.894785,-121.316592,2026-03-01T21:13:40.416702,neutral
203,Hi I'm a constituent of Congressman Josh Harder. I'm calling about the Respect for Marriage Act (H.R.8404). I oppose it. I also want to mention concerns about rising cost of living. Thank you.,Respect for Marriage Act,,,cost of living,,,CA-09,CA,95330,37.868886,-121.207401,2026-03-04T22:35:40.416705,oppose
204,Hi I'm a constituent of Congressman Josh Harder. I hope Congress addresses housing affordability in the Central Valley. I hope the Congressman takes this issue seriously. Thank you.,,,,housing,,,CA-09,CA,95210,37.961424,-121.416834,2026-03-05T12:04:40.416708,neutral
205,Hi I'm a constituent of Congressman Josh Harder. I strongly support action on immigration enforcement and ICE policy. I hope the Congressman takes this issue seriously. Thank you.,,,,ICE,,,CA-09,CA,95207,37.848784,-121.150078,2026-03-05T11:03:40.416710,support
206,"Hi I'm a constituent of Congressman Josh Harder. I'm calling about the ROTOR Act (S.2503). I support this bill because I have concerns about the policy. Thank you, have a good day.",ROTOR Act,,,,,,CA-09,CA,95210,37.897432,-121.346852,2026-03-01T19:10:40.416713,support
207,Hi I'm a constituent of Congressman Josh Harder. I hope Congress addresses the war with Iran. I hope the Congressman takes this issue seriously. Thank you.,,,,Iran,,,CA-09,CA,95210,37.885726,-121.119564,2026-03-03T08:34:40.416716,neutral
208,Hi I'm a constituent of Congressman Josh Harder. I wanted to express concerns about national policy decisions affecting our district. Thank you.,,,,,,,CA-09,CA,95376,37.911903,-121.195528,2026-03-05T01:48:40.416718,neutral
209,Hi I'm a constituent of Congressman Josh Harder. I'm worried about the humanitarian situation in Gaza. I hope the Congressman takes this issue seriously. Thank you.,,,,Gaza,,,CA-09,CA,95219,38.122122,-121.323006,2026-03-05T14:17:40.416721,neutral
210,Hi I'm a constituent of Congressman Josh Harder. I'm calling about the SAVE America Act (H.R.7296). I oppose it. I also want to mention concerns about energy prices. Thank you.,SAVE America Act,,,ICE,,,CA-09,CA,95219,38.144345,-121.474351,2026-02-28T14:13:40.416723,oppose
211,Hi I'm a constituent of Congressman Josh Harder. I strongly support action on healthcare affordability. I hope the Congressman takes this issue seriously. Thank you.,,,,,,,CA-09,CA,95376,38.055186,-121.317978,2026-03-04T21:26:40.416726,support
212,Hi I'm a constituent of Congressman Josh Harder. I'm calling about the Epstein Files Transparency Act (H.R.4405). I oppose it. I also want to mention concerns about the humanitarian situation in Gaza. Thank you.,Epstein Files Transparency Act,,,Gaza,,,CA-09,CA,95210,37.899769,-121.412929,2026-03-05T18:47:40.416729,oppose
213,Hi I'm a constituent of Congressman Josh Harder. I'm really concerned about the war with Iran. I hope the Congressman takes this issue seriously. Thank you.,,,,Iran,,,CA-09,CA,95210,38.02399,-121.453734,2026-03-03T11:54:40.416731,neutral
214,Hi I'm a constituent of Congressman Josh Harder. I wanted to express concerns about national policy decisions affecting our district. Thank you.,,,,,,,CA-09,CA,95207,37.954688,-121.113269,2026-03-05T07:12:40.416734,neutral
215,Hi I'm a constituent of Congressman Josh Harder. I hope Congress focuses on helping working families. Thank you.,,,,,,,CA-09,CA,95207,38.052896,-121.434481,2026-03-05T20:56:40.416736,neutral
216,"Hi I'm a constituent of Congressman Josh Harder. I'm calling about the Consolidated Appropriations Act 2026 (H.R.7148). I support this bill because I don't think taxpayer money should go toward it. Thank you, have a good day.",Consolidated Appropriations Act,,,,,,CA-09,CA,95219,38.128603,-121.316156,2026-03-04T00:53:40.416739,support
217,"Hi I'm a constituent of Congressman Josh Harder. I'm calling about the Impeachment Resolution (H.Res.353). I support this bill because I think it goes too far. Thank you, have a good day.",,,,,,,CA-09,CA,95210,37.871157,-121.188867,2026-03-05T19:42:40.416742,support
218,Hi I'm a constituent of Congressman Josh Harder. I'm really concerned about housing affordability in the Central Valley. I hope the Congressman takes this issue seriously. Thank you.,,,,housing,,,CA-09,CA,95219,38.185141,-121.139587,2026-03-04T10:11:40.416745,neutral
219,Hi I'm a constituent of Congressman Josh Harder. I'm calling about the Stop the Sexualization of Children Act (H.R.7661). I oppose it. I also want to mention concerns about healthcare affordability. Thank you.,Stop the Sexualization of Children Act,,,,,,CA-09,CA,95219,37.942163,-121.12179,2026-03-05T15:21:40.416747,oppose
220,Hi I'm a constituent of Congressman Josh Harder. I'm really concerned about housing affordability in the Central Valley. I hope the Congressman takes this issue seriously. Thank you.,,,,housing,,,CA-09,CA,95376,37.806162,-121.218224,2026-03-01T15:40:40.416750,neutral
221,Hi I'm a constituent of Congressman Josh Harder. I'm calling about the Consolidated Appropriations Act 2026 (H.R.7148). I oppose it. I also want to mention concerns about rising cost of living. Thank you.,Consolidated Appropriations Act,,,cost of living,,,CA-09,CA,95336,37.959866,-121.107521,2026-03-01T16:05:40.416753,oppose
222,Hi I'm a constituent of Congressman Josh Harder. I'm calling about the ROTOR Act (S.2503). I support it. I also want to mention concerns about the war with Iran. Thank you.,ROTOR Act,,,Iran,,,CA-09,CA,95336,37.846644,-121.348281,2026-03-04T17:39:40.416756,support
223,Hi I'm a constituent of Congressman Josh Harder. I just wanted to share concerns about economic conditions in our community. Thank you.,,,,,,,CA-09,CA,95219,37.890737,-121.321724,2026-03-02T11:01:40.416758,neutral
224,Hi I'm a constituent of Congressman Josh Harder. I'm calling because families in our district are struggling with the cost of living. Thank you.,,,,cost of living,,,CA-09,CA,95376,38.017595,-121.192108,2026-03-01T05:03:40.416761,neutral
225,Hi I'm a constituent of Congressman Josh Harder. I hope Congress addresses the humanitarian situation in Gaza. I hope the Congressman takes this issue seriously. Thank you.,,,,Gaza,,,CA-09,CA,95330,38.061006,-121.329033,2026-03-07T06:50:40.416763,neutral
226,Hi I'm a constituent of Congressman Josh Harder. I'm calling about the Treat and Reduce Obesity Act (H.R.4818). I support it. I also want to mention concerns about rising cost of living. Thank you.,Treat and Reduce Obesity Act,,,cost of living,,,CA-09,CA,95210,37.890467,-121.23179,2026-03-02T19:46:40.416766,support
227,"Hi I'm a constituent of Congressman Josh Harder. I'm calling about the Respect for Marriage Act (H.R.8404). I oppose this bill because it would help working people. Thank you, have a good day.",Respect for Marriage Act,,,,,,CA-09,CA,95376,37.900664,-121.128988,2026-03-04T06:07:40.416769,oppose
228,Hi I'm a constituent of Congressman Josh Harder. I'm calling about the Consolidated Appropriations Act 2026 (H.R.7148). I support it. I also want to mention concerns about energy prices. Thank you.,Consolidated Appropriations Act,,,ICE,,,CA-09,CA,95330,37.839192,-121.337855,2026-03-02T13:52:40.416772,support
229,Hi I'm a constituent of Congressman Josh Harder. I strongly support action on the war with Iran. I hope the Congressman takes this issue seriously. Thank you.,,,,Iran,,,CA-09,CA,95330,38.16906,-121.342538,2026-03-01T01:49:40.416774,support
230,Hi I'm a constituent of Congressman Josh Harder. I hope Congress focuses on helping working families. Thank you.,,,,,,,CA-09,CA,95336,38.006212,-121.108592,2026-02-28T21:33:40.416777,neutral
231,"Hi I'm a constituent of Congressman Josh Harder. I'm calling about the SAVE America Act (H.R.7296). I oppose this bill because I think it goes too far. Thank you, have a good day.",SAVE America Act,,,,,,CA-09,CA,95336,37.846733,-121.200983,2026-03-02T11:03:40.416780,oppose
232,Hi I'm a constituent of Congressman Josh Harder. I'm worried about rising cost of living. I hope the Congressman takes this issue seriously. Thank you.,,,,cost of living,,,CA-09,CA,95376,38.057856,-121.331766,2026-03-06T02:54:40.416782,neutral
233,Hi I'm a constituent of Congressman Josh Harder. I wanted to express concerns about national policy decisions affecting our district. Thank you.,,,,,,,CA-09,CA,95336,38.168167,-121.444504,2026-03-07T09:47:40.416785,neutral
234,"Hi I'm a constituent of Congressman Josh Harder. I'm calling about the Consolidated Appropriations Act 2026 (H.R.7148). I support this bill because it would help working people. Thank you, have a good day.",Consolidated Appropriations Act,,,,,,CA-09,CA,95336,38.049907,-121.448117,2026-03-07T11:00:40.416790,support
235,Hi I'm a constituent of Congressman Josh Harder. I'm calling because families in our district are struggling with the cost of living. Thank you.,,,,cost of living,,,CA-09,CA,95207,38.127179,-121.488743,2026-03-04T18:46:40.416792,neutral
236,Hi I'm a constituent of Congressman Josh Harder. I wanted to express concerns about national policy decisions affecting our district. Thank you.,,,,,,,CA-09,CA,95207,37.883343,-121.474434,2026-03-03T08:27:40.416795,neutral
237,Hi I'm a constituent of Congressman Josh Harder. I'm calling about the Impeachment Resolution (H.Res.353). I oppose it. I also want to mention concerns about immigration enforcement and ICE policy. Thank you.,,,,ICE,,,CA-09,CA,95330,38.176552,-121.283835,2026-03-02T10:22:40.416798,oppose
238,"Hi I'm a constituent of Congressman Josh Harder. I'm calling about the SAVE America Act (H.R.7296). I oppose this bill because I don't think taxpayer money should go toward it. Thank you, have a good day.",SAVE America Act,,,,,,CA-09,CA,95210,38.131271,-121.140163,2026-03-07T10:46:40.416801,oppose
239,Hi I'm a constituent of Congressman Josh Harder. I hope Congress focuses on helping working families. Thank you.,,,,,,,CA-09,CA,95219,38.172159,-121.430712,2026-03-02T11:25:40.416803,neutral
240,Hi I'm a constituent of Congressman Josh Harder. I hope Congress addresses energy prices. I hope the Congressman takes this issue seriously. Thank you.,,,,ICE,,,CA-09,CA,95207,38.124768,-121.165976,2026-03-04T03:33:40.416806,neutral
241,"Hi I'm a constituent of Congressman Josh Harder. I'm calling about the Treat and Reduce Obesity Act (H.R.4818). I support this bill because I think it goes too far. Thank you, have a good day.",Treat and Reduce Obesity Act,,,,,,CA-09,CA,95336,38.071211,-121.139105,2026-03-03T16:05:40.416809,support
242,Hi I'm a constituent of Congressman Josh Harder. I strongly support action on energy prices. I hope the Congressman takes this issue seriously. Thank you.,,,,ICE,,,CA-09,CA,95330,38.194708,-121.379012,2026-03-02T09:59:40.416811,support
243,Hi I'm a constituent of Congressman Josh Harder. I'm really concerned about rising cost of living. I hope the Congressman takes this issue seriously. Thank you.,,,,cost of living,,,CA-09,CA,95210,37.820111,-121.4613,2026-03-02T11:31:40.416814,neutral
244,"Hi I'm a constituent of Congressman Josh Harder. I'm calling about the SAVE Act (H.R.22). I support this bill because it would help families in our district. Thank you, have a good day.",SAVE Act,,,,,,CA-09,CA,95376,38.139374,-121.181602,2026-03-04T02:26:40.416817,support
245,Hi I'm a constituent of Congressman Josh Harder. I'm calling about the Impeachment Resolution (H.Res.353). I support it. I also want to mention concerns about rising cost of living. Thank you.,,,,cost of living,,,CA-09,CA,95207,37.809548,-121.444886,2026-03-04T16:38:40.416820,support
246,Hi I'm a constituent of Congressman Josh Harder. I just wanted to share concerns about economic conditions in our community. Thank you.,,,,,,,CA-09,CA,95376,37.950043,-121.23066,2026-03-05T07:36:40.416823,neutral
247,Hi I'm a constituent of Congressman Josh Harder. I'm calling about the Respect for Marriage Act (H.R.8404). I oppose it. I also want to mention concerns about the humanitarian situation in Gaza. Thank you.,Respect for Marriage Act,,,Gaza,,,CA-09,CA,95210,38.151167,-121.171671,2026-03-03T07:07:40.416826,oppose
248,"Hi I'm a constituent of Congressman Josh Harder. I'm calling about the Treat and Reduce Obesity Act (H.R.4818). I support this bill because it would help families in our district. Thank you, have a good day.",Treat and Reduce Obesity Act,,,,,,CA-09,CA,95207,38.13741,-121.144925,2026-03-04T18:06:40.416829,support
249,Hi I'm a constituent of Congressman Josh Harder. I'm calling about the Epstein Files Transparency Act (H.R.4405). I oppose it. I also want to mention concerns about rising cost of living. Thank you.,Epstein Files Transparency Act,,,cost of living,,,CA-09,CA,95219,38.046206,-121.397531,2026-03-07T05:29:40.416832,oppose
250,Hi I'm a constituent of Congressman Josh Harder. I'm really concerned about water shortages affecting agriculture. I hope the Congressman takes this issue seriously. Thank you.,,,,,,,CA-09,CA,95219,37.931423,-121.153486,2026-03-03T20:28:40.416834,neutral
251,"Hi I'm a constituent of Congressman Josh Harder. I'm calling about the Stop the Sexualization of Children Act (H.R.7661). I oppose this bill because I believe it's important for the country. Thank you, have a good day.",Stop the Sexualization of Children Act,,,,,,CA-09,CA,95207,38.074455,-121.306468,2026-03-07T01:59:40.416837,oppose
252,"Hi I'm a constituent of Congressman Josh Harder. I'm calling about the Consolidated Appropriations Act 2026 (H.R.7148). I oppose this bill because it would help families in our district. Thank you, have a good day.",Consolidated Appropriations Act,,,,,,CA-09,CA,95207,38.045208,-121.380167,2026-03-06T16:16:40.416840,oppose
253,"Hi I'm a constituent of Congressman Josh Harder. I'm calling about the Consolidated Appropriations Act 2026 (H.R.7148). I oppose this bill because I believe it's important for the country. Thank you, have a good day.",Consolidated Appropriations Act,,,,,,CA-09,CA,95330,37.837517,-121.301199,2026-03-06T22:01:40.416843,oppose
254,Hi I'm a constituent of Congressman Josh Harder. I'm calling about the Consolidated Appropriations Act 2026 (H.R.7148). I support it. I also want to mention concerns about water shortages affecting agriculture. Thank you.,Consolidated Appropriations Act,,,,,,CA-09,CA,95207,38.026429,-121.393172,2026-03-02T20:11:40.416846,support
255,"Hi I'm a constituent of Congressman Josh Harder. I'm calling about the Reconciliation Act (H.R.1). I oppose this bill because I think it goes too far. Thank you, have a good day.",,,,,,,CA-09,CA,95210,37.971394,-121.240818,2026-03-02T21:29:40.416849,oppose
256,Hi I'm a constituent of Congressman Josh Harder. I'm calling because families in our district are struggling with the cost of living. Thank you.,,,,cost of living,,,CA-09,CA,95207,37.912423,-121.284077,2026-03-02T15:16:40.417064,neutral
257,Hi I'm a constituent of Congressman Josh Harder. I'm calling about the Impeachment Resolution (H.Res.353). I oppose it. I also want to mention concerns about water shortages affecting agriculture. Thank you.,,,,,,,CA-09,CA,95207,37.997746,-121.459591,2026-02-28T21:49:40.417069,oppose
258,"Hi I'm a constituent of Congressman Josh Harder. I'm calling about the Impeachment Resolution (H.Res.353). I support this bill because I have concerns about the policy. Thank you, have a good day.",,,,,,,CA-09,CA,95336,37.900787,-121.430139,2026-03-04T05:46:40.417072,support
259,Hi I'm a constituent of Congressman Josh Harder. I strongly support action on the humanitarian situation in Gaza. I hope the Congressman takes this issue seriously. Thank you.,,,,Gaza,,,CA-09,CA,95219,38.063179,-121.438704,2026-03-03T11:27:40.417075,support
260,Hi I'm a constituent of Congressman Josh Harder. I'm calling about the ROTOR Act (S.2503). I support it. I also want to mention concerns about energy prices. Thank you.,ROTOR Act,,,ICE,,,CA-09,CA,95330,38.19093,-121.15763,2026-03-06T12:15:40.417080,support
261,Hi I'm a constituent of Congressman Josh Harder. I'm calling because families in our district are struggling with the cost of living. Thank you.,,,,cost of living,,,CA-09,CA,95330,38.126711,-121.229137,2026-03-06T08:50:40.417082,neutral
262,"Hi I'm a constituent of Congressman Josh Harder. I'm calling about the Epstein Files Transparency Act (H.R.4405). I support this bill because I have concerns about the policy. Thank you, have a good day.",Epstein Files Transparency Act,,,,,,CA-09,CA,95207,38.114738,-121.183567,2026-03-07T10:00:40.417085,support
263,Hi I'm a constituent of Congressman Josh Harder. I'm calling about the Stop the Sexualization of Children Act (H.R.7661). I support it. I also want to mention concerns about immigration enforcement and ICE policy. Thank you.,Stop the Sexualization of Children Act,,,ICE,,,CA-09,CA,95336,37.867074,-121.270305,2026-03-03T20:58:40.417089,support
264,"Hi I'm a constituent of Congressman Josh Harder. I'm calling about the Epstein Files Transparency Act (H.R.4405). I support this bill because I think it goes too far. Thank you, have a good day.",Epstein Files Transparency Act,,,,,,CA-09,CA,95207,37.814505,-121.246352,2026-03-03T22:42:40.417092,support
265,Hi I'm a constituent of Congressman Josh Harder. I'm calling about the Respect for Marriage Act (H.R.8404). I support it. I also want to mention concerns about the humanitarian situation in Gaza. Thank you.,Respect for Marriage Act,,,Gaza,,,CA-09,CA,95330,37.811221,-121.437139,2026-03-04T02:53:40.417095,support
266,Hi I'm a constituent of Congressman Josh Harder. I'm calling because families in our district are struggling with the cost of living. Thank you.,,,,cost of living,,,CA-09,CA,95207,38.013238,-121.33203,2026-03-02T23:40:40.417097,neutral
267,Hi I'm a constituent of Congressman Josh Harder. I'm calling because families in our district are struggling with the cost of living. Thank you.,,,,cost of living,,,CA-09,CA,95330,37.82672,-121.400332,2026-03-04T16:19:40.417099,neutral
268,Hi I'm a constituent of Congressman Josh Harder. I hope Congress addresses energy prices. I hope the Congressman takes this issue seriously. Thank you.,,,,ICE,,,CA-09,CA,95219,37.882885,-121.463776,2026-03-02T23:55:40.417102,neutral
269,Hi I'm a constituent of Congressman Josh Harder. I hope Congress focuses on helping working families. Thank you.,,,,,,,CA-09,CA,95219,38.158625,-121.210947,2026-03-07T07:52:40.417104,neutral
270,Hi I'm a constituent of Congressman Josh Harder. I strongly support action on the war with Iran. I hope the Congressman takes this issue seriously. Thank you.,,,,Iran,,,CA-09,CA,95207,37.817671,-121.221912,2026-03-03T15:28:40.417107,support
271,Hi I'm a constituent of Congressman Josh Harder. I just wanted to share concerns about economic conditions in our community. Thank you.,,,,,,,CA-09,CA,95376,37.841342,-121.188791,2026-02-28T22:11:40.417110,neutral
272,Hi I'm a constituent of Congressman Josh Harder. I just wanted to share concerns about economic conditions in our community. Thank you.,,,,,,,CA-09,CA,95219,37.887622,-121.384364,2026-03-05T11:10:40.417112,neutral
273,Hi I'm a constituent of Congressman Josh Harder. I hope Congress focuses on helping working families. Thank you.,,,,,,,CA-09,CA,95207,38.057633,-121.473415,2026-03-03T21:47:40.417115,neutral
274,"Hi I'm a constituent of Congressman Josh Harder. I'm calling about the Impeachment Resolution (H.Res.353). I support this bill because I think it goes too far. Thank you, have a good day.",,,,,,,CA-09,CA,95376,37.821259,-121.155019,2026-03-03T08:53:40.417118,support
275,"Hi I'm a constituent of Congressman Josh Harder. I'm calling about the Epstein Files Transparency Act (H.R.4405). I support this bill because I think it goes too far. Thank you, have a good day.",Epstein Files Transparency Act,,,,,,CA-09,CA,95376,37.941078,-121.280947,2026-03-07T01:34:40.417121,support
276,"Hi I'm a constituent of Congressman Josh Harder. I'm calling about the SAVE Act (H.R.22). I oppose this bill because I have concerns about the policy. Thank you, have a good day.",SAVE Act,,,,,,CA-09,CA,95376,38.111949,-121.453045,2026-03-01T13:04:40.417124,oppose
277,Hi I'm a constituent of Congressman Josh Harder. I just wanted to share concerns about economic conditions in our community. Thank you.,,,,,,,CA-09,CA,95330,38.069342,-121.460454,2026-03-04T23:20:40.417126,neutral
278,Hi I'm a constituent of Congressman Josh Harder. I'm calling about the Treat and Reduce Obesity Act (H.R.4818). I support it. I also want to mention concerns about immigration enforcement and ICE policy. Thank you.,Treat and Reduce Obesity Act,,,ICE,,,CA-09,CA,95219,38.178258,-121.395352,2026-03-01T08:32:40.417129,support
279,Hi I'm a constituent of Congressman Josh Harder. I hope Congress focuses on helping working families. Thank you.,,,,,,,CA-09,CA,95207,38.108379,-121.108058,2026-03-05T13:06:40.417132,neutral
280,"Hi I'm a constituent of Congressman Josh Harder. I'm calling about the SAVE Act (H.R.22). I support this bill because it would help working people. Thank you, have a good day.",SAVE Act,,,,,,CA-09,CA,95210,38.003115,-121.133745,2026-02-28T18:51:40.417134,support
281,"Hi I'm a constituent of Congressman Josh Harder. I'm calling about the SAVE America Act (H.R.7296). I support this bill because I believe it's important for the country. Thank you, have a good day.",SAVE America Act,,,,,,CA-09,CA,95210,37.886166,-121.303119,2026-03-06T21:39:40.417137,support
282,Hi I'm a constituent of Congressman Josh Harder. I'm calling because families in our district are struggling with the cost of living. Thank you.,,,,cost of living,,,CA-09,CA,95210,37.934423,-121.114197,2026-03-02T13:45:40.417141,neutral
283,Hi I'm a constituent of Congressman Josh Harder. I'm really concerned about healthcare affordability. I hope the Congressman takes this issue seriously. Thank you.,,,,,,,CA-09,CA,95376,38.131412,-121.457991,2026-03-04T02:11:40.417144,neutral
284,Hi I'm a constituent of Congressman Josh Harder. I'm really concerned about rising cost of living. I hope the Congressman takes this issue seriously. Thank you.,,,,cost of living,,,CA-09,CA,95210,37.801959,-121.432692,2026-03-01T11:13:40.417146,neutral
285,Hi I'm a constituent of Congressman Josh Harder. I'm really concerned about the humanitarian situation in Gaza. I hope the Congressman takes this issue seriously. Thank you.,,,,Gaza,,,CA-09,CA,95336,38.064232,-121.467012,2026-03-02T05:51:40.417149,neutral
286,"Hi I'm a constituent of Congressman Josh Harder. I'm calling about the Reconciliation Act (H.R.1). I oppose this bill because I have concerns about the policy. Thank you, have a good day.",,,,,,,CA-09,CA,95219,38.015585,-121.177811,2026-03-02T21:11:40.417152,oppose
287,"Hi I'm a constituent of Congressman Josh Harder. I'm calling about the Impeachment Resolution (H.Res.353). I support this bill because I think it goes too far. Thank you, have a good day.",,,,,,,CA-09,CA,95219,38.14077,-121.167104,2026-03-07T03:33:40.417155,support
288,Hi I'm a constituent of Congressman Josh Harder. I'm calling about the Treat and Reduce Obesity Act (H.R.4818). I support it. I also want to mention concerns about the war with Iran. Thank you.,Treat and Reduce Obesity Act,,,Iran,,,CA-09,CA,95210,38.106486,-121.329667,2026-03-01T12:12:40.417158,support
289,"Hi I'm a constituent of Congressman Josh Harder. I'm calling about the SAVE America Act (H.R.7296). I oppose this bill because I believe it's important for the country. Thank you, have a good day.",SAVE America Act,,,,,,CA-09,CA,95219,38.169449,-121.361854,2026-03-06T23:08:40.417161,oppose
290,Hi I'm a constituent of Congressman Josh Harder. I wanted to express concerns about national policy decisions affecting our district. Thank you.,,,,,,,CA-09,CA,95376,38.198617,-121.17044,2026-03-01T11:52:40.417163,neutral
291,Hi I'm a constituent of Congressman Josh Harder. I'm calling because families in our district are struggling with the cost of living. Thank you.,,,,cost of living,,,CA-09,CA,95207,37.854366,-121.176183,2026-03-01T03:53:40.417166,neutral
292,Hi I'm a constituent of Congressman Josh Harder. I'm calling about the Epstein Files Transparency Act (H.R.4405). I oppose it. I also want to mention concerns about healthcare affordability. Thank you.,Epstein Files Transparency Act,,,,,,CA-09,CA,95219,38.170692,-121.428609,2026-03-04T23:38:40.417169,oppose
293,Hi I'm a constituent of Congressman Josh Harder. I'm really concerned about the humanitarian situation in Gaza. I hope the Congressman takes this issue seriously. Thank you.,,,,Gaza,,,CA-09,CA,95207,37.988216,-121.126321,2026-03-05T23:06:40.417171,neutral
294,Hi I'm a constituent of Congressman Josh Harder. I'm calling about the Impeachment Resolution (H.Res.353). I support it. I also want to mention concerns about the war with Iran. Thank you.,,,,Iran,,,CA-09,CA,95210,38.005127,-121.384773,2026-03-07T04:31:40.417174,support
295,Hi I'm a constituent of Congressman Josh Harder. I just wanted to share concerns about economic conditions in our community. Thank you.,,,,,,,CA-09,CA,95336,38.052636,-121.280903,2026-03-07T10:26:40.417177,neutral
296,Hi I'm a constituent of Congressman Josh Harder. I'm worried about healthcare affordability. I hope the Congressman takes this issue seriously. Thank you.,,,,,,,CA-09,CA,95330,37.853457,-121.480201,2026-03-06T14:06:40.417179,neutral
297,Hi I'm a constituent of Congressman Josh Harder. I'm worried about immigration enforcement and ICE policy. I hope the Congressman takes this issue seriously. Thank you.,,,,ICE,,,CA-09,CA,95219,37.989918,-121.106946,2026-03-04T21:51:40.417182,neutral
298,Hi I'm a constituent of Congressman Josh Harder. I just wanted to share concerns about economic conditions in our community. Thank you.,,,,,,,CA-09,CA,95336,38.160492,-121.345654,2026-03-03T04:38:40.417185,neutral
299,"Hi I'm a constituent of Congressman Josh Harder. I'm calling about the Treat and Reduce Obesity Act (H.R.4818). I oppose this bill because it would help working people. Thank you, have a good day.",Treat and Reduce Obesity Act,,,,,,CA-09,CA,95330,38.08322,-121.248618,2026-03-06T08:24:40.417188,oppose
300,Hi I'm a constituent of Congressman Josh Harder. I'm calling about the Respect for Marriage Act (H.R.8404). I oppose it. I also want to mention concerns about the humanitarian situation in Gaza. Thank you.,Respect for Marriage Act,,,Gaza,,,CA-09,CA,95376,37.854068,-121.303867,2026-03-06T03:57:40.417190,oppose
301,"Hi I'm a constituent of Congressman Josh Harder. I'm calling about the Stop the Sexualization of Children Act (H.R.7661). I support this bill because I think it goes too far. Thank you, have a good day.",Stop the Sexualization of Children Act,,,,,,CA-09,CA,95336,37.903683,-121.297091,2026-03-02T02:36:40.417193,support
302,Hi I'm a constituent of Congressman Josh Harder. I just wanted to share concerns about economic conditions in our community. Thank you.,,,,,,,CA-09,CA,95336,38.105116,-121.356137,2026-03-07T02:01:40.417196,neutral
303,Hi I'm a constituent of Congressman Josh Harder. I hope Congress addresses energy prices. I hope the Congressman takes this issue seriously. Thank you.,,,,ICE,,,CA-09,CA,95330,38.083362,-121.289225,2026-03-03T16:57:40.417198,neutral
304,"Hi I'm a constituent of Congressman Josh Harder. I'm calling about the SAVE Act (H.R.22). I support this bill because it would help working people. Thank you, have a good day.",SAVE Act,,,,,,CA-09,CA,95219,37.803381,-121.251465,2026-03-05T07:09:40.417201,support
305,"Hi I'm a constituent of Congressman Josh Harder. I'm calling about the Impeachment Resolution (H.Res.353). I oppose this bill because I think it goes too far. Thank you, have a good day.",,,,,,,CA-09,CA,95207,37.974693,-121.203631,2026-03-06T02:15:40.417204,oppose
306,Hi I'm a constituent of Congressman Josh Harder. I hope Congress addresses the war with Iran. I hope the Congressman takes this issue seriously. Thank you.,,,,Iran,,,CA-09,CA,95219,37.997799,-121.494852,2026-03-06T05:38:40.417207,neutral
307,Hi I'm a constituent of Congressman Josh Harder. I strongly support action on energy prices. I hope the Congressman takes this issue seriously. Thank you.,,,,ICE,,,CA-09,CA,95219,37.974804,-121.268906,2026-03-04T19:24:40.417210,support
308,Hi I'm a constituent of Congressman Josh Harder. I just wanted to share concerns about economic conditions in our community. Thank you.,,,,,,,CA-09,CA,95330,38.073431,-121.494457,2026-03-04T13:19:40.417212,neutral
309,Hi I'm a constituent of Congressman Josh Harder. I hope Congress focuses on helping working families. Thank you.,,,,,,,CA-09,CA,95219,38.076039,-121.48369,2026-03-06T07:59:40.417215,neutral
310,Hi I'm a constituent of Congressman Josh Harder. I hope Congress addresses housing affordability in the Central Valley. I hope the Congressman takes this issue seriously. Thank you.,,,,housing,,,CA-09,CA,95376,38.133273,-121.204915,2026-03-03T03:10:40.417218,neutral
311,Hi I'm a constituent of Congressman Josh Harder. I'm calling about the Reconciliation Act (H.R.1). I oppose it. I also want to mention concerns about healthcare affordability. Thank you.,,,,,,,CA-09,CA,95376,38.13086,-121.216522,2026-03-01T19:15:40.417221,oppose
312,Hi I'm a constituent of Congressman Josh Harder. I wanted to express concerns about national policy decisions affecting our district. Thank you.,,,,,,,CA-09,CA,95207,38.10699,-121.207397,2026-03-03T21:24:40.417224,neutral
313,Hi I'm a constituent of Congressman Josh Harder. I wanted to express concerns about national policy decisions affecting our district. Thank you.,,,,,,,CA-09,CA,95207,37.951963,-121.217681,2026-03-05T06:54:40.417226,neutral
314,Hi I'm a constituent of Congressman Josh Harder. I'm calling about the ROTOR Act (S.2503). I oppose it. I also want to mention concerns about rising cost of living. Thank you.,ROTOR Act,,,cost of living,,,CA-09,CA,95210,37.807354,-121.432072,2026-03-06T23:03:40.417229,oppose
315,Hi I'm a constituent of Congressman Josh Harder. I'm really concerned about water shortages affecting agriculture. I hope the Congressman takes this issue seriously. Thank you.,,,,,,,CA-09,CA,95207,37.812385,-121.321957,2026-03-03T01:12:40.417233,neutral
316,Hi I'm a constituent of Congressman Josh Harder. I wanted to express concerns about national policy decisions affecting our district. Thank you.,,,,,,,CA-09,CA,95376,38.198928,-121.278205,2026-03-01T09:27:40.417236,neutral
317,"Hi I'm a constituent of Congressman Josh Harder. I'm calling about the Treat and Reduce Obesity Act (H.R.4818). I oppose this bill because it would help working people. Thank you, have a good day.",Treat and Reduce Obesity Act,,,,,,CA-09,CA,95336,38.120163,-121.365138,2026-03-01T04:57:40.417238,oppose
318,"Hi I'm a constituent of Congressman Josh Harder. I'm calling about the Treat and Reduce Obesity Act (H.R.4818). I support this bill because I believe it's important for the country. Thank you, have a good day.",Treat and Reduce Obesity Act,,,,,,CA-09,CA,95207,38.09043,-121.109846,2026-03-06T05:46:40.417241,support
319,Hi I'm a constituent of Congressman Josh Harder. I just wanted to share concerns about economic conditions in our community. Thank you.,,,,,,,CA-09,CA,95330,38.092304,-121.129771,2026-03-05T23:07:40.417244,neutral
320,"Hi I'm a constituent of Congressman Josh Harder. I'm calling about the Reconciliation Act (H.R.1). I oppose this bill because I think it goes too far. Thank you, have a good day.",,,,,,,CA-09,CA,95330,38.082928,-121.334279,2026-02-28T14:00:40.417247,oppose
321,Hi I'm a constituent of Congressman Josh Harder. I just wanted to share concerns about economic conditions in our community. Thank you.,,,,,,,CA-09,CA,95207,38.1532,-121.369284,2026-03-03T14:55:40.417250,neutral
322,"Hi I'm a constituent of Congressman Josh Harder. I'm calling about the ROTOR Act (S.2503). I oppose this bill because I think it goes too far. Thank you, have a good day.",ROTOR Act,,,,,,CA-09,CA,95210,37.892197,-121.266944,2026-03-04T04:05:40.417253,oppose
323,Hi I'm a constituent of Congressman Josh Harder. I hope Congress addresses healthcare affordability. I hope the Congressman takes this issue seriously. Thank you.,,,,,,,CA-09,CA,95336,38.06517,-121.437202,2026-03-01T15:38:40.417256,neutral
324,"Hi I'm a constituent of Congressman Josh Harder. I'm calling about the ROTOR Act (S.2503). I oppose this bill because it would help working people. Thank you, have a good day.",ROTOR Act,,,,,,CA-09,CA,95207,37.993304,-121.25864,2026-03-06T22:35:40.417258,oppose
325,Hi I'm a constituent of Congressman Josh Harder. I just wanted to share concerns about economic conditions in our community. Thank you.,,,,,,,CA-09,CA,95376,38.074101,-121.357161,2026-03-03T07:42:40.417261,neutral
326,Hi I'm a constituent of Congressman Josh Harder. I'm calling about the Reconciliation Act (H.R.1). I support it. I also want to mention concerns about housing affordability in the Central Valley. Thank you.,,,,housing,,,CA-09,CA,95330,38.06963,-121.21422,2026-03-05T14:54:40.417264,support
327,Hi I'm a constituent of Congressman Josh Harder. I'm calling about the Respect for Marriage Act (H.R.8404). I oppose it. I also want to mention concerns about immigration enforcement and ICE policy. Thank you.,Respect for Marriage Act,,,ICE,,,CA-09,CA,95219,37.81593,-121.39755,2026-03-04T04:15:40.417267,oppose
328,Hi I'm a constituent of Congressman Josh Harder. I strongly support action on healthcare affordability. I hope the Congressman takes this issue seriously. Thank you.,,,,,,,CA-09,CA,95210,38.168812,-121.240348,2026-03-03T22:33:40.417270,support
329,Hi I'm a constituent of Congressman Josh Harder. I'm calling about the SAVE America Act (H.R.7296). I support it. I also want to mention concerns about healthcare affordability. Thank you.,SAVE America Act,,,,,,CA-09,CA,95219,37.903664,-121.245125,2026-03-05T15:08:40.417273,support
330,Hi I'm a constituent of Congressman Josh Harder. I strongly support action on the war with Iran. I hope the Congressman takes this issue seriously. Thank you.,,,,Iran,,,CA-09,CA,95376,37.949804,-121.357068,2026-03-05T20:50:40.417275,support
331,Hi I'm a constituent of Congressman Josh Harder. I'm calling about the Impeachment Resolution (H.Res.353). I oppose it. I also want to mention concerns about housing affordability in the Central Valley. Thank you.,,,,housing,,,CA-09,CA,95330,37.951778,-121.299286,2026-03-04T00:54:40.417278,oppose
332,Hi I'm a constituent of Congressman Josh Harder. I'm really concerned about rising cost of living. I hope the Congressman takes this issue seriously. Thank you.,,,,cost of living,,,CA-09,CA,95207,38.182715,-121.183843,2026-03-05T00:51:40.417281,neutral
333,Hi I'm a constituent of Congressman Josh Harder. I hope Congress addresses healthcare affordability. I hope the Congressman takes this issue seriously. Thank you.,,,,,,,CA-09,CA,95207,37.848727,-121.140968,2026-03-01T08:25:40.417283,neutral
334,"Hi I'm a constituent of Congressman Josh Harder. I'm calling about the Reconciliation Act (H.R.1). I oppose this bill because I don't think taxpayer money should go toward it. Thank you, have a good day.",,,,,,,CA-09,CA,95336,37.810571,-121.257993,2026-03-04T02:57:40.417287,oppose
335,Hi I'm a constituent of Congressman Josh Harder. I'm really concerned about the war with Iran. I hope the Congressman takes this issue seriously. Thank you.,,,,Iran,,,CA-09,CA,95330,37.80317,-121.475346,2026-03-06T09:25:40.417290,neutral
336,Hi I'm a constituent of Congressman Josh Harder. I strongly support action on the war with Iran. I hope the Congressman takes this issue seriously. Thank you.,,,,Iran,,,CA-09,CA,95207,38.072668,-121.386577,2026-03-01T15:02:40.417293,support
337,Hi I'm a constituent of Congressman Josh Harder. I'm worried about water shortages affecting agriculture. I hope the Congressman takes this issue seriously. Thank you.,,,,,,,CA-09,CA,95330,38.067147,-121.318771,2026-03-06T03:49:40.417295,neutral
338,Hi I'm a constituent of Congressman Josh Harder. I'm calling because families in our district are struggling with the cost of living. Thank you.,,,,cost of living,,,CA-09,CA,95207,37.921061,-121.147734,2026-03-01T20:03:40.417298,neutral
339,Hi I'm a constituent of Congressman Josh Harder. I'm calling about the Impeachment Resolution (H.Res.353). I support it. I also want to mention concerns about rising cost of living. Thank you.,,,,cost of living,,,CA-09,CA,95336,38.128006,-121.274444,2026-03-04T05:34:40.417300,support
340,Hi I'm a constituent of Congressman Josh Harder. I'm calling about the Respect for Marriage Act (H.R.8404). I oppose it. I also want to mention concerns about housing affordability in the Central Valley. Thank you.,Respect for Marriage Act,,,housing,,,CA-09,CA,95330,38.003331,-121.493416,2026-03-04T20:26:40.417304,oppose
341,Hi I'm a constituent of Congressman Josh Harder. I just wanted to share concerns about economic conditions in our community. Thank you.,,,,,,,CA-09,CA,95207,37.92195,-121.384592,2026-03-06T10:27:40.417306,neutral
342,"Hi I'm a constituent of Congressman Josh Harder. I'm calling about the ROTOR Act (S.2503). I support this bill because I have concerns about the policy. Thank you, have a good day.",ROTOR Act,,,,,,CA-09,CA,95376,37.942601,-121.224424,2026-03-02T12:02:40.417309,support
343,Hi I'm a constituent of Congressman Josh Harder. I hope Congress focuses on helping working families. Thank you.,,,,,,,CA-09,CA,95376,38.176561,-121.375592,2026-03-01T15:23:40.417311,neutral
344,Hi I'm a constituent of Congressman Josh Harder. I wanted to express concerns about national policy decisions affecting our district. Thank you.,,,,,,,CA-09,CA,95210,38.02461,-121.105546,2026-03-04T17:40:40.417314,neutral
345,Hi I'm a constituent of Congressman Josh Harder. I'm calling about the Stop the Sexualization of Children Act (H.R.7661). I oppose it. I also want to mention concerns about water shortages affecting agriculture. Thank you.,Stop the Sexualization of Children Act,,,,,,CA-09,CA,95210,38.189581,-121.322759,2026-03-04T20:05:40.417317,oppose
346,Hi I'm a constituent of Congressman Josh Harder. I'm calling because families in our district are struggling with the cost of living. Thank you.,,,,cost of living,,,CA-09,CA,95210,37.871949,-121.442715,2026-03-06T08:14:40.417319,neutral
347,"Hi I'm a constituent of Congressman Josh Harder. I'm calling about the Impeachment Resolution (H.Res.353). I support this bill because I believe it's important for the country. Thank you, have a good day.",,,,,,,CA-09,CA,95219,37.958284,-121.121621,2026-03-03T23:08:40.417322,support
348,"Hi I'm a constituent of Congressman Josh Harder. I'm calling about the Treat and Reduce Obesity Act (H.R.4818). I oppose this bill because I don't think taxpayer money should go toward it. Thank you, have a good day.",Treat and Reduce Obesity Act,,,,,,CA-09,CA,95376,38.139233,-121.412646,2026-03-01T21:19:40.417325,oppose
349,Hi I'm a constituent of Congressman Josh Harder. I'm calling because families in our district are struggling with the cost of living. Thank you.,,,,cost of living,,,CA-09,CA,95336,37.837884,-121.398165,2026-03-07T03:52:40.417327,neutral
350,"Hi I'm a constituent of Congressman Josh Harder. I'm calling about the Reconciliation Act (H.R.1). I oppose this bill because I believe it's important for the country. Thank you, have a good day.",,,,,,,CA-09,CA,95207,37.833033,-121.293356,2026-03-03T22:10:40.417330,oppose
351,Hi I'm a constituent of Congressman Josh Harder. I'm really concerned about housing affordability in the Central Valley. I hope the Congressman takes this issue seriously. Thank you.,,,,housing,,,CA-09,CA,95207,37.897263,-121.152932,2026-03-01T22:44:40.417332,neutral
352,Hi I'm a constituent of Congressman Josh Harder. I wanted to express concerns about national policy decisions affecting our district. Thank you.,,,,,,,CA-09,CA,95210,38.042151,-121.2194,2026-03-02T05:00:40.417335,neutral
353,Hi I'm a constituent of Congressman Josh Harder. I'm really concerned about immigration enforcement and ICE policy. I hope the Congressman takes this issue seriously. Thank you.,,,,ICE,,,CA-09,CA,95210,37.801573,-121.131797,2026-03-04T07:19:40.417338,neutral
354,Hi I'm a constituent of Congressman Josh Harder. I'm calling about the Epstein Files Transparency Act (H.R.4405). I support it. I also want to mention concerns about housing affordability in the Central Valley. Thank you.,Epstein Files Transparency Act,,,housing,,,CA-09,CA,95210,38.075027,-121.179354,2026-03-03T11:58:40.417344,support
355,Hi I'm a constituent of Congressman Josh Harder. I'm calling about the Epstein Files Transparency Act (H.R.4405). I oppose it. I also want to mention concerns about the humanitarian situation in Gaza. Thank you.,Epstein Files Transparency Act,,,Gaza,,,CA-09,CA,95330,38.154628,-121.294616,2026-03-05T00:58:40.417347,oppose
356,Hi I'm a constituent of Congressman Josh Harder. I hope Congress addresses the humanitarian situation in Gaza. I hope the Congressman takes this issue seriously. Thank you.,,,,Gaza,,,CA-09,CA,95219,37.829036,-121.301189,2026-03-04T03:35:40.417349,neutral
357,Hi I'm a constituent of Congressman Josh Harder. I strongly support action on water shortages affecting agriculture. I hope the Congressman takes this issue seriously. Thank you.,,,,,,,CA-09,CA,95376,38.033564,-121.402439,2026-02-28T21:07:40.417352,support
358,"Hi I'm a constituent of Congressman Josh Harder. I'm calling about the Respect for Marriage Act (H.R.8404). I support this bill because I think it goes too far. Thank you, have a good day.",Respect for Marriage Act,,,,,,CA-09,CA,95207,38.178801,-121.426784,2026-03-06T23:25:40.417355,support
359,"Hi I'm a constituent of Congressman Josh Harder. I'm calling about the Respect for Marriage Act (H.R.8404). I oppose this bill because I have concerns about the policy. Thank you, have a good day.",Respect for Marriage Act,,,,,,CA-09,CA,95210,37.998109,-121.172817,2026-03-06T05:45:40.417359,oppose
360,"Hi I'm a constituent of Congressman Josh Harder. I'm calling about the Stop the Sexualization of Children Act (H.R.7661). I support this bill because I have concerns about the policy. Thank you, have a good day.",Stop the Sexualization of Children Act,,,,,,CA-09,CA,95376,37.98306,-121.167269,2026-03-07T11:50:40.417362,support
361,Hi I'm a constituent of Congressman Josh Harder. I hope Congress focuses on helping working families. Thank you.,,,,,,,CA-09,CA,95207,38.093969,-121.143793,2026-03-03T22:07:40.417364,neutral
362,Hi I'm a constituent of Congressman Josh Harder. I'm calling about the Respect for Marriage Act (H.R.8404). I oppose it. I also want to mention concerns about healthcare affordability. Thank you.,Respect for Marriage Act,,,,,,CA-09,CA,95219,37.953278,-121.177123,2026-03-07T00:19:40.417367,oppose
363,"Hi I'm a constituent of Congressman Josh Harder. I'm calling about the Impeachment Resolution (H.Res.353). I support this bill because it would help working people. Thank you, have a good day.",,,,,,,CA-09,CA,95330,37.958489,-121.470537,2026-03-02T07:09:40.417370,support
364,Hi I'm a constituent of Congressman Josh Harder. I strongly support action on the humanitarian situation in Gaza. I hope the Congressman takes this issue seriously. Thank you.,,,,Gaza,,,CA-09,CA,95330,37.802908,-121.169651,2026-03-07T04:27:40.417373,support
365,"Hi I'm a constituent of Congressman Josh Harder. I'm calling about the ROTOR Act (S.2503). I support this bill because I have concerns about the policy. Thank you, have a good day.",ROTOR Act,,,,,,CA-09,CA,95207,38.152794,-121.414753,2026-03-01T02:40:40.417376,support
366,Hi I'm a constituent of Congressman Josh Harder. I'm calling about the Epstein Files Transparency Act (H.R.4405). I support it. I also want to mention concerns about housing affordability in the Central Valley. Thank you.,Epstein Files Transparency Act,,,housing,,,CA-09,CA,95336,37.903076,-121.186126,2026-03-04T22:29:40.417379,support
367,Hi I'm a constituent of Congressman Josh Harder. I'm calling about the Epstein Files Transparency Act (H.R.4405). I oppose it. I also want to mention concerns about immigration enforcement and ICE policy. Thank you.,Epstein Files Transparency Act,,,ICE,,,CA-09,CA,95330,37.885216,-121.26837,2026-03-04T22:04:40.417382,oppose
368,"Hi I'm a constituent of Congressman Josh Harder. I'm calling about the Treat and Reduce Obesity Act (H.R.4818). I oppose this bill because I think it goes too far. Thank you, have a good day.",Treat and Reduce Obesity Act,,,,,,CA-09,CA,95330,38.128249,-121.484067,2026-03-01T21:26:40.417385,oppose
369,Hi I'm a constituent of Congressman Josh Harder. I just wanted to share concerns about economic conditions in our community. Thank you.,,,,,,,CA-09,CA,95210,38.191573,-121.329532,2026-03-06T12:21:40.417387,neutral
370,Hi I'm a constituent of Congressman Josh Harder. I'm calling about the ROTOR Act (S.2503). I oppose it. I also want to mention concerns about the war with Iran. Thank you.,ROTOR Act,,,Iran,,,CA-09,CA,95210,37.851295,-121.497084,2026-03-02T23:38:40.417390,oppose
371,"Hi I'm a constituent of Congressman Josh Harder. I'm calling about the Stop the Sexualization of Children Act (H.R.7661). I support this bill because I have concerns about the policy. Thank you, have a good day.",Stop the Sexualization of Children Act,,,,,,CA-09,CA,95219,37.849897,-121.291475,2026-03-01T10:27:40.417393,support
372,"Hi I'm a constituent of Congressman Josh Harder. I'm calling about the Consolidated Appropriations Act 2026 (H.R.7148). I support this bill because I think it goes too far. Thank you, have a good day.",Consolidated Appropriations Act,,,,,,CA-09,CA,95219,37.882482,-121.454313,2026-02-28T19:00:40.417395,support
373,Hi I'm a constituent of Congressman Josh Harder. I strongly support action on energy prices. I hope the Congressman takes this issue seriously. Thank you.,,,,ICE,,,CA-09,CA,95207,38.181246,-121.31007,2026-03-05T19:10:40.417398,support
374,Hi I'm a constituent of Congressman Josh Harder. I strongly support action on healthcare affordability. I hope the Congressman takes this issue seriously. Thank you.,,,,,,,CA-09,CA,95210,37.93319,-121.297531,2026-03-05T21:36:40.417401,support
375,Hi I'm a constituent of Congressman Josh Harder. I'm calling about the Respect for Marriage Act (H.R.8404). I support it. I also want to mention concerns about water shortages affecting agriculture. Thank you.,Respect for Marriage Act,,,,,,CA-09,CA,95219,38.194116,-121.150178,2026-03-05T18:53:40.417404,support
